time,open,close,high,low
2018-02-20 00:00:00,1.24004,1.24064,1.24109,1.23966
2018-02-20 01:00:00,1.24064,1.23946,1.24066,1.23853
2018-02-20 02:00:00,1.23946,1.23857,1.23982,1.23827
2018-02-20 03:00:00,1.23856,1.23861,1.23882,1.23796
2018-02-20 04:00:00,1.23862,1.23879,1.23936,1.23825
2018-02-20 05:00:00,1.23879,1.23854,1.23969,1.23803
2018-02-20 06:00:00,1.23853,1.23784,1.23868,1.23750
2018-02-20 07:00:00,1.23782,1.23605,1.23922,1.23568
2018-02-20 08:00:00,1.23605,1.23593,1.23733,1.23457
2018-02-20 09:00:00,1.23591,1.23442,1.23644,1.23433
2018-02-20 10:00:00,1.23444,1.23402,1.23509,1.23341
2018-02-20 11:00:00,1.23402,1.23487,1.23528,1.23333
2018-02-20 12:00:00,1.23487,1.23462,1.23558,1.23381
2018-02-20 13:00:00,1.23462,1.23258,1.23471,1.23201
2018-02-20 14:00:00,1.23257,1.23462,1.23620,1.23228
2018-02-20 15:00:00,1.23460,1.23409,1.23545,1.23386
2018-02-20 16:00:00,1.23411,1.23484,1.23509,1.23259
2018-02-20 17:00:00,1.23484,1.23444,1.23579,1.23409
2018-02-20 18:00:00,1.23447,1.23405,1.23461,1.23303
2018-02-20 19:00:00,1.23405,1.23354,1.23440,1.23333
2018-02-20 20:00:00,1.23351,1.23363,1.23404,1.23326
2018-02-20 21:00:00,1.23363,1.23377,1.23380,1.23354
2018-02-20 22:00:00,1.23378,1.23355,1.23416,1.23354
2018-02-20 23:00:00,1.23357,1.23358,1.23374,1.23293
2018-02-21 00:00:00,1.23357,1.23354,1.23450,1.23318
2018-02-21 01:00:00,1.23355,1.23374,1.23405,1.23290
2018-02-21 02:00:00,1.23375,1.23343,1.23445,1.23339
2018-02-21 03:00:00,1.23343,1.23308,1.23370,1.23241
2018-02-21 04:00:00,1.23305,1.23222,1.23348,1.23179
2018-02-21 05:00:00,1.23220,1.23230,1.23269,1.23172
2018-02-21 06:00:00,1.23230,1.23362,1.23362,1.23221
2018-02-21 07:00:00,1.23362,1.23161,1.23399,1.23104
2018-02-21 08:00:00,1.23156,1.23174,1.23257,1.23078
2018-02-21 09:00:00,1.23176,1.23337,1.23360,1.23092
2018-02-21 10:00:00,1.23337,1.23270,1.23338,1.23146
2018-02-21 11:00:00,1.23270,1.23161,1.23294,1.23146
2018-02-21 12:00:00,1.23161,1.23050,1.23231,1.23003
2018-02-21 13:00:00,1.23051,1.23207,1.23207,1.23002
2018-02-21 14:00:00,1.23206,1.23238,1.23357,1.23184
2018-02-21 15:00:00,1.23237,1.23199,1.23352,1.23147
2018-02-21 16:00:00,1.23197,1.23150,1.23248,1.23038
2018-02-21 17:00:00,1.23147,1.23273,1.23276,1.23112
2018-02-21 18:00:00,1.23270,1.23252,1.23280,1.23178
2018-02-21 19:00:00,1.23252,1.23026,1.23602,1.22995
2018-02-21 20:00:00,1.23024,1.22906,1.23026,1.22813
2018-02-21 21:00:00,1.22904,1.22836,1.22993,1.22829
2018-02-21 22:00:00,1.22833,1.22759,1.22863,1.22737
2018-02-21 23:00:00,1.22760,1.22807,1.22850,1.22760
2018-02-22 00:00:00,1.22809,1.22727,1.22813,1.22655
2018-02-22 01:00:00,1.22727,1.22793,1.22850,1.22683
2018-02-22 02:00:00,1.22790,1.22798,1.22840,1.22772
2018-02-22 03:00:00,1.22799,1.22775,1.22806,1.22727
2018-02-22 04:00:00,1.22775,1.22731,1.22793,1.22728
2018-02-22 05:00:00,1.22731,1.22748,1.22808,1.22717
2018-02-22 06:00:00,1.22749,1.22660,1.22802,1.22602
2018-02-22 07:00:00,1.22661,1.22732,1.22792,1.22598
2018-02-22 08:00:00,1.22731,1.22846,1.22885,1.22653
2018-02-22 09:00:00,1.22846,1.22941,1.22959,1.22757
2018-02-22 10:00:00,1.22940,1.22905,1.22990,1.22866
2018-02-22 11:00:00,1.22904,1.22862,1.22946,1.22804
2018-02-22 12:00:00,1.22861,1.22695,1.23083,1.22693
2018-02-22 13:00:00,1.22701,1.23134,1.23151,1.22648
2018-02-22 14:00:00,1.23135,1.23277,1.23372,1.23057
2018-02-22 15:00:00,1.23275,1.23221,1.23523,1.23165
2018-02-22 16:00:00,1.23221,1.23257,1.23320,1.23142
2018-02-22 17:00:00,1.23256,1.23365,1.23446,1.23248
2018-02-22 18:00:00,1.23365,1.23252,1.23395,1.23199
2018-02-22 19:00:00,1.23253,1.23314,1.23364,1.23233
2018-02-22 20:00:00,1.23316,1.23257,1.23347,1.23197
2018-02-22 21:00:00,1.23258,1.23309,1.23320,1.23233
2018-02-22 22:00:00,1.23312,1.23309,1.23346,1.23262
2018-02-22 23:00:00,1.23308,1.23259,1.23377,1.23253
2018-02-23 00:00:00,1.23257,1.23273,1.23319,1.23219
2018-02-23 01:00:00,1.23268,1.23253,1.23294,1.23166
2018-02-23 02:00:00,1.23253,1.23141,1.23263,1.23118
2018-02-23 03:00:00,1.23142,1.23073,1.23162,1.23022
2018-02-23 04:00:00,1.23073,1.23017,1.23102,1.22957
2018-02-23 05:00:00,1.23016,1.23026,1.23059,1.22965
2018-02-23 06:00:00,1.23026,1.22943,1.23082,1.22884
2018-02-23 07:00:00,1.22940,1.22954,1.22973,1.22800
2018-02-23 08:00:00,1.22951,1.23177,1.23211,1.22888
2018-02-23 09:00:00,1.23178,1.23082,1.23208,1.23053
2018-02-23 10:00:00,1.23084,1.23012,1.23178,1.22997
2018-02-23 11:00:00,1.23013,1.23065,1.23079,1.22880
2018-02-23 12:00:00,1.23066,1.22980,1.23130,1.22971
2018-02-23 13:00:00,1.22982,1.22981,1.23061,1.22896
2018-02-23 14:00:00,1.22981,1.23042,1.23069,1.22874
2018-02-23 15:00:00,1.23042,1.22997,1.23186,1.22905
2018-02-23 16:00:00,1.22996,1.22979,1.23043,1.22853
2018-02-23 17:00:00,1.22977,1.23062,1.23081,1.22971
2018-02-23 18:00:00,1.23064,1.22945,1.23065,1.22903
2018-02-23 19:00:00,1.22945,1.22964,1.22977,1.22891
2018-02-23 20:00:00,1.22966,1.22948,1.23055,1.22938
2018-02-23 21:00:00,1.22946,1.22975,1.22988,1.22887
2018-02-25 22:00:00,1.22953,1.22892,1.22968,1.22858
2018-02-25 23:00:00,1.22891,1.22887,1.22952,1.22814
2018-02-26 00:00:00,1.22887,1.22901,1.22935,1.22806
2018-02-26 01:00:00,1.22901,1.22979,1.23051,1.22884
2018-02-26 02:00:00,1.22979,1.23154,1.23191,1.22979
2018-02-26 03:00:00,1.23155,1.23105,1.23177,1.23096
2018-02-26 04:00:00,1.23106,1.23126,1.23146,1.23076
2018-02-26 05:00:00,1.23125,1.23285,1.23285,1.23104
2018-02-26 06:00:00,1.23283,1.23306,1.23347,1.23243
2018-02-26 07:00:00,1.23304,1.23201,1.23348,1.23157
2018-02-26 08:00:00,1.23201,1.23196,1.23349,1.23160
2018-02-26 09:00:00,1.23195,1.23434,1.23501,1.23190
2018-02-26 10:00:00,1.23431,1.23460,1.23552,1.23374
2018-02-26 11:00:00,1.23460,1.23358,1.23487,1.23330
2018-02-26 12:00:00,1.23359,1.23210,1.23374,1.23210
2018-02-26 13:00:00,1.23207,1.23046,1.23270,1.23046
2018-02-26 14:00:00,1.23047,1.23038,1.23150,1.22979
2018-02-26 15:00:00,1.23039,1.22898,1.23071,1.22777
2018-02-26 16:00:00,1.22898,1.22953,1.23174,1.22867
2018-02-26 17:00:00,1.22953,1.23080,1.23089,1.22903
2018-02-26 18:00:00,1.23081,1.23104,1.23121,1.23023
2018-02-26 19:00:00,1.23105,1.23118,1.23141,1.23064
2018-02-26 20:00:00,1.23119,1.23134,1.23160,1.23079
2018-02-26 21:00:00,1.23131,1.23177,1.23201,1.23113
2018-02-26 22:00:00,1.23180,1.23134,1.23184,1.23134
2018-02-26 23:00:00,1.23135,1.23156,1.23165,1.23091
2018-02-27 00:00:00,1.23156,1.23320,1.23371,1.23149
2018-02-27 01:00:00,1.23321,1.23361,1.23370,1.23277
2018-02-27 02:00:00,1.23361,1.23360,1.23430,1.23339
2018-02-27 03:00:00,1.23361,1.23245,1.23374,1.23217
2018-02-27 04:00:00,1.23246,1.23244,1.23280,1.23216
2018-02-27 05:00:00,1.23243,1.23262,1.23305,1.23237
2018-02-27 06:00:00,1.23262,1.23270,1.23337,1.23201
2018-02-27 07:00:00,1.23270,1.23408,1.23451,1.23218
2018-02-27 08:00:00,1.23410,1.23333,1.23466,1.23265
2018-02-27 09:00:00,1.23353,1.23314,1.23389,1.23271
2018-02-27 10:00:00,1.23314,1.23280,1.23379,1.23219
2018-02-27 11:00:00,1.23279,1.23175,1.23309,1.23133
2018-02-27 12:00:00,1.23175,1.23173,1.23213,1.23152
2018-02-27 13:00:00,1.23174,1.22879,1.23183,1.22861
2018-02-27 14:00:00,1.22880,1.22742,1.22989,1.22715
2018-02-27 15:00:00,1.22739,1.22393,1.22791,1.22217
2018-02-27 16:00:00,1.22392,1.22397,1.22469,1.22309
2018-02-27 17:00:00,1.22396,1.22480,1.22511,1.22256
2018-02-27 18:00:00,1.22476,1.22429,1.22550,1.22417
2018-02-27 19:00:00,1.22431,1.22361,1.22452,1.22344
2018-02-27 20:00:00,1.22360,1.22294,1.22404,1.22293
2018-02-27 21:00:00,1.22293,1.22333,1.22337,1.22258
2018-02-27 22:00:00,1.22335,1.22357,1.22360,1.22311
2018-02-27 23:00:00,1.22357,1.22263,1.22389,1.22261
2018-02-28 00:00:00,1.22262,1.22318,1.22375,1.22213
2018-02-28 01:00:00,1.22318,1.22299,1.22380,1.22274
2018-02-28 02:00:00,1.22298,1.22167,1.22340,1.22154
2018-02-28 03:00:00,1.22168,1.22239,1.22293,1.22158
2018-02-28 04:00:00,1.22239,1.22244,1.22265,1.22210
2018-02-28 05:00:00,1.22245,1.22273,1.22283,1.22218
2018-02-28 06:00:00,1.22273,1.22362,1.22387,1.22185
2018-02-28 07:00:00,1.22362,1.22240,1.22413,1.22225
2018-02-28 08:00:00,1.22239,1.22110,1.22244,1.22000
2018-02-28 09:00:00,1.22107,1.22208,1.22233,1.21990
2018-02-28 10:00:00,1.22208,1.22207,1.22301,1.22103
2018-02-28 11:00:00,1.22206,1.22183,1.22258,1.22142
2018-02-28 12:00:00,1.22185,1.22191,1.22260,1.22111
2018-02-28 13:00:00,1.22207,1.22184,1.22229,1.22025
2018-02-28 14:00:00,1.22185,1.22087,1.22283,1.22069
2018-02-28 15:00:00,1.22087,1.21961,1.22150,1.21881
2018-02-28 16:00:00,1.21963,1.22109,1.22213,1.21936
2018-02-28 17:00:00,1.22109,1.22089,1.22224,1.22051
2018-02-28 18:00:00,1.22088,1.22106,1.22113,1.22009
2018-02-28 19:00:00,1.22105,1.22034,1.22147,1.22004
2018-02-28 20:00:00,1.22036,1.22004,1.22047,1.21952
2018-02-28 21:00:00,1.22004,1.21944,1.22020,1.21930
2018-02-28 22:00:00,1.21942,1.21932,1.22000,1.21907
2018-02-28 23:00:00,1.21932,1.21918,1.21965,1.21906
2018-03-01 00:00:00,1.21918,1.21894,1.21941,1.21839
2018-03-01 01:00:00,1.21895,1.21919,1.21928,1.21844
2018-03-01 02:00:00,1.21918,1.21900,1.21945,1.21864
2018-03-01 03:00:00,1.21900,1.21960,1.21986,1.21891
2018-03-01 04:00:00,1.21960,1.21939,1.21965,1.21902
2018-03-01 05:00:00,1.21938,1.21926,1.21974,1.21907
2018-03-01 06:00:00,1.21926,1.22058,1.22065,1.21879
2018-03-01 07:00:00,1.22058,1.22005,1.22132,1.22001
2018-03-01 08:00:00,1.22007,1.21974,1.22061,1.21913
2018-03-01 09:00:00,1.21975,1.21818,1.21977,1.21802
2018-03-01 10:00:00,1.21817,1.21880,1.21963,1.21802
2018-03-01 11:00:00,1.21880,1.21849,1.21906,1.21804
2018-03-01 12:00:00,1.21848,1.21689,1.21889,1.21648
2018-03-01 13:00:00,1.21695,1.21875,1.21881,1.21630
2018-03-01 14:00:00,1.21875,1.21742,1.21920,1.21650
2018-03-01 15:00:00,1.21730,1.21768,1.22057,1.21548
2018-03-01 16:00:00,1.21766,1.22155,1.22223,1.21719
2018-03-01 17:00:00,1.22154,1.22122,1.22204,1.22052
2018-03-01 18:00:00,1.22124,1.21973,1.22174,1.21868
2018-03-01 19:00:00,1.21973,1.22554,1.22587,1.21962
2018-03-01 20:00:00,1.22551,1.22628,1.22731,1.22526
2018-03-01 21:00:00,1.22628,1.22672,1.22705,1.22603
2018-03-01 22:00:00,1.22672,1.22751,1.22751,1.22641
2018-03-01 23:00:00,1.22750,1.22714,1.22750,1.22663
2018-03-02 00:00:00,1.22712,1.22737,1.22751,1.22621
2018-03-02 01:00:00,1.22736,1.22746,1.22808,1.22674
2018-03-02 02:00:00,1.22747,1.22732,1.22768,1.22699
2018-03-02 03:00:00,1.22731,1.22805,1.22817,1.22724
2018-03-02 04:00:00,1.22805,1.22783,1.22879,1.22783
2018-03-02 05:00:00,1.22783,1.22794,1.22857,1.22747
2018-03-02 06:00:00,1.22794,1.22633,1.22799,1.22622
2018-03-02 07:00:00,1.22633,1.22635,1.22671,1.22517
2018-03-02 08:00:00,1.22633,1.22745,1.22789,1.22548
2018-03-02 09:00:00,1.22744,1.22764,1.22820,1.22623
2018-03-02 10:00:00,1.22762,1.22907,1.22984,1.22747
2018-03-02 11:00:00,1.22907,1.23041,1.23228,1.22890
2018-03-02 12:00:00,1.23041,1.23083,1.23228,1.23041
2018-03-02 13:00:00,1.23084,1.23092,1.23202,1.22943
2018-03-02 14:00:00,1.23090,1.23141,1.23159,1.22973
2018-03-02 15:00:00,1.23138,1.23094,1.23329,1.23086
2018-03-02 16:00:00,1.23094,1.23149,1.23235,1.23044
2018-03-02 17:00:00,1.23148,1.23123,1.23205,1.23045
2018-03-02 18:00:00,1.23122,1.23218,1.23240,1.23122
2018-03-02 19:00:00,1.23220,1.23310,1.23311,1.23205
2018-03-02 20:00:00,1.23317,1.23310,1.23361,1.23239
2018-03-02 21:00:00,1.23309,1.23203,1.23314,1.23183
2018-03-04 22:00:00,1.23296,1.23471,1.23652,1.23270
2018-03-04 23:00:00,1.23471,1.23179,1.23480,1.23000
2018-03-05 00:00:00,1.23179,1.23329,1.23381,1.23166
2018-03-05 01:00:00,1.23328,1.23302,1.23371,1.23287
2018-03-05 02:00:00,1.23302,1.23221,1.23307,1.23198
2018-03-05 03:00:00,1.23218,1.23271,1.23284,1.23165
2018-03-05 04:00:00,1.23271,1.23218,1.23278,1.23196
2018-03-05 05:00:00,1.23216,1.23192,1.23263,1.23126
2018-03-05 06:00:00,1.23192,1.22913,1.23212,1.22873
2018-03-05 07:00:00,1.22914,1.22849,1.22976,1.22691
2018-03-05 08:00:00,1.22848,1.23247,1.23333,1.22828
2018-03-05 09:00:00,1.23244,1.23223,1.23346,1.23119
2018-03-05 10:00:00,1.23223,1.23139,1.23318,1.23068
2018-03-05 11:00:00,1.23136,1.23014,1.23160,1.22953
2018-03-05 12:00:00,1.23019,1.22978,1.23062,1.22844
2018-03-05 13:00:00,1.22972,1.23085,1.23127,1.22932
2018-03-05 14:00:00,1.23084,1.23241,1.23242,1.23022
2018-03-05 15:00:00,1.23234,1.23276,1.23298,1.23100
2018-03-05 16:00:00,1.23277,1.23294,1.23489,1.23207
2018-03-05 17:00:00,1.23295,1.23344,1.23406,1.23232
2018-03-05 18:00:00,1.23343,1.23253,1.23356,1.23219
2018-03-05 19:00:00,1.23251,1.23255,1.23342,1.23227
2018-03-05 20:00:00,1.23256,1.23384,1.23388,1.23228
2018-03-05 21:00:00,1.23382,1.23361,1.23382,1.23339
2018-03-05 22:00:00,1.23363,1.23347,1.23385,1.23325
2018-03-05 23:00:00,1.23349,1.23369,1.23398,1.23346
2018-03-06 00:00:00,1.23369,1.23501,1.23563,1.23353
2018-03-06 01:00:00,1.23501,1.23561,1.23632,1.23491
2018-03-06 02:00:00,1.23561,1.23507,1.23599,1.23483
2018-03-06 03:00:00,1.23508,1.23497,1.23553,1.23468
2018-03-06 04:00:00,1.23499,1.23474,1.23515,1.23467
2018-03-06 05:00:00,1.23474,1.23495,1.23521,1.23433
2018-03-06 06:00:00,1.23491,1.23390,1.23558,1.23347
2018-03-06 07:00:00,1.23391,1.23336,1.23506,1.23283
2018-03-06 08:00:00,1.23336,1.23390,1.23460,1.23301
2018-03-06 09:00:00,1.23390,1.23442,1.23456,1.23322
2018-03-06 10:00:00,1.23445,1.23466,1.23521,1.23347
2018-03-06 11:00:00,1.23466,1.23974,1.24001,1.23434
2018-03-06 12:00:00,1.23975,1.24086,1.24145,1.23902
2018-03-06 13:00:00,1.24089,1.24073,1.24120,1.23957
2018-03-06 14:00:00,1.24074,1.23958,1.24106,1.23868
2018-03-06 15:00:00,1.23960,1.23978,1.24084,1.23942
2018-03-06 16:00:00,1.23980,1.24159,1.24202,1.23974
2018-03-06 17:00:00,1.24160,1.23936,1.24173,1.23890
2018-03-06 18:00:00,1.23934,1.24062,1.24094,1.23924
2018-03-06 19:00:00,1.24060,1.24060,1.24117,1.24004
2018-03-06 20:00:00,1.24059,1.24032,1.24078,1.23996
2018-03-06 21:00:00,1.24027,1.24044,1.24089,1.24027
2018-03-06 22:00:00,1.24042,1.24215,1.24242,1.24042
2018-03-06 23:00:00,1.24214,1.24160,1.24292,1.24130
2018-03-07 00:00:00,1.24156,1.24177,1.24270,1.24131
2018-03-07 01:00:00,1.24176,1.24142,1.24209,1.24104
2018-03-07 02:00:00,1.24144,1.24168,1.24184,1.24108
2018-03-07 03:00:00,1.24168,1.24192,1.24217,1.24111
2018-03-07 04:00:00,1.24191,1.24154,1.24215,1.24150
2018-03-07 05:00:00,1.24153,1.24189,1.24230,1.24153
2018-03-07 06:00:00,1.24187,1.24259,1.24337,1.24183
2018-03-07 07:00:00,1.24260,1.24094,1.24278,1.24073
2018-03-07 08:00:00,1.24093,1.24101,1.24184,1.24042
2018-03-07 09:00:00,1.24101,1.24238,1.24276,1.24058
2018-03-07 10:00:00,1.24235,1.24349,1.24457,1.24214
2018-03-07 11:00:00,1.24350,1.24076,1.24370,1.24076
2018-03-07 12:00:00,1.24074,1.24175,1.24184,1.23980
2018-03-07 13:00:00,1.24175,1.24148,1.24245,1.24031
2018-03-07 14:00:00,1.24150,1.24099,1.24226,1.24062
2018-03-07 15:00:00,1.24101,1.24033,1.24164,1.23882
2018-03-07 16:00:00,1.24030,1.23967,1.24049,1.23850
2018-03-07 17:00:00,1.23967,1.24007,1.24066,1.23908
2018-03-07 18:00:00,1.24008,1.24085,1.24143,1.23970
2018-03-07 19:00:00,1.24085,1.24049,1.24130,1.24023
2018-03-07 20:00:00,1.24048,1.24130,1.24136,1.24025
2018-03-07 21:00:00,1.24128,1.24117,1.24158,1.24105
2018-03-07 22:00:00,1.24116,1.24112,1.24129,1.24102
2018-03-07 23:00:00,1.24114,1.24127,1.24160,1.24099
2018-03-08 00:00:00,1.24126,1.24080,1.24155,1.24071
2018-03-08 01:00:00,1.24080,1.24009,1.24095,1.23965
2018-03-08 02:00:00,1.24006,1.24021,1.24063,1.23996
2018-03-08 03:00:00,1.24020,1.24072,1.24076,1.23965
2018-03-08 04:00:00,1.24071,1.24064,1.24092,1.24039
2018-03-08 05:00:00,1.24063,1.24044,1.24101,1.24037
2018-03-08 06:00:00,1.24042,1.23971,1.24095,1.23941
2018-03-08 07:00:00,1.23971,1.24118,1.24132,1.23941
2018-03-08 08:00:00,1.24119,1.23931,1.24149,1.23910
2018-03-08 09:00:00,1.23929,1.23829,1.23945,1.23783
2018-03-08 10:00:00,1.23829,1.23789,1.23900,1.23777
2018-03-08 11:00:00,1.23790,1.23786,1.23792,1.23688
2018-03-08 12:00:00,1.23786,1.24104,1.24317,1.23732
2018-03-08 13:00:00,1.24101,1.24031,1.24463,1.23847
2018-03-08 14:00:00,1.24031,1.23512,1.24050,1.23498
2018-03-08 15:00:00,1.23511,1.23280,1.23558,1.23247
2018-03-08 16:00:00,1.23280,1.23137,1.23370,1.23047
2018-03-08 17:00:00,1.23137,1.23190,1.23224,1.23116
2018-03-08 18:00:00,1.23190,1.23143,1.23200,1.23068
2018-03-08 19:00:00,1.23143,1.23054,1.23191,1.22983
2018-03-08 20:00:00,1.23050,1.23135,1.23138,1.23018
2018-03-08 21:00:00,1.23132,1.23126,1.23146,1.23097
2018-03-08 22:00:00,1.23133,1.23140,1.23200,1.23109
2018-03-08 23:00:00,1.23139,1.23071,1.23155,1.23053
2018-03-09 00:00:00,1.23072,1.23100,1.23161,1.23027
2018-03-09 01:00:00,1.23099,1.22989,1.23102,1.22953
2018-03-09 02:00:00,1.22991,1.23109,1.23128,1.22973
2018-03-09 03:00:00,1.23109,1.23106,1.23128,1.23079
2018-03-09 04:00:00,1.23105,1.23138,1.23140,1.23081
2018-03-09 05:00:00,1.23138,1.23156,1.23177,1.23117
2018-03-09 06:00:00,1.23156,1.23217,1.23219,1.23141
2018-03-09 07:00:00,1.23218,1.23183,1.23222,1.23113
2018-03-09 08:00:00,1.23182,1.23063,1.23216,1.22945
2018-03-09 09:00:00,1.23063,1.23021,1.23181,1.22992
2018-03-09 10:00:00,1.23022,1.22941,1.23068,1.22928
2018-03-09 11:00:00,1.22942,1.22985,1.23049,1.22905
2018-03-09 12:00:00,1.22986,1.22956,1.23021,1.22931
2018-03-09 13:00:00,1.22953,1.22938,1.23137,1.22733
2018-03-09 14:00:00,1.22937,1.23125,1.23135,1.22915
2018-03-09 15:00:00,1.23129,1.23189,1.23345,1.23059
2018-03-09 16:00:00,1.23188,1.23249,1.23302,1.23163
2018-03-09 17:00:00,1.23249,1.23178,1.23303,1.23163
2018-03-09 18:00:00,1.23181,1.23127,1.23214,1.23111
2018-03-09 19:00:00,1.23128,1.23146,1.23193,1.23111
2018-03-09 20:00:00,1.23146,1.23069,1.23178,1.23028
2018-03-09 21:00:00,1.23068,1.23061,1.23096,1.23040
2018-03-11 21:00:00,1.23176,1.23126,1.23177,1.23082
2018-03-11 22:00:00,1.23116,1.23109,1.23146,1.23074
2018-03-11 23:00:00,1.23109,1.23088,1.23138,1.23064
2018-03-12 00:00:00,1.23088,1.23108,1.23139,1.23074
2018-03-12 01:00:00,1.23107,1.23169,1.23187,1.23063
2018-03-12 02:00:00,1.23167,1.23215,1.23233,1.23162
2018-03-12 03:00:00,1.23214,1.23231,1.23238,1.23195
2018-03-12 04:00:00,1.23231,1.23252,1.23262,1.23205
2018-03-12 05:00:00,1.23252,1.23200,1.23253,1.23183
2018-03-12 06:00:00,1.23200,1.23233,1.23239,1.23151
2018-03-12 07:00:00,1.23233,1.23379,1.23412,1.23167
2018-03-12 08:00:00,1.23374,1.23344,1.23396,1.23227
2018-03-12 09:00:00,1.23343,1.23121,1.23349,1.23119
2018-03-12 10:00:00,1.23121,1.23123,1.23157,1.23073
2018-03-12 11:00:00,1.23119,1.22925,1.23120,1.22905
2018-03-12 12:00:00,1.22925,1.23015,1.23026,1.22909
2018-03-12 13:00:00,1.23015,1.23079,1.23099,1.22948
2018-03-12 14:00:00,1.23079,1.23212,1.23213,1.23072
2018-03-12 15:00:00,1.23214,1.23182,1.23266,1.23172
2018-03-12 16:00:00,1.23180,1.23194,1.23246,1.23106
2018-03-12 17:00:00,1.23194,1.23295,1.23356,1.23154
2018-03-12 18:00:00,1.23294,1.23373,1.23457,1.23283
2018-03-12 19:00:00,1.23369,1.23395,1.23405,1.23329
2018-03-12 20:00:00,1.23395,1.23347,1.23413,1.23347
2018-03-12 21:00:00,1.23346,1.23351,1.23427,1.23344
2018-03-12 22:00:00,1.23352,1.23336,1.23371,1.23336
2018-03-12 23:00:00,1.23339,1.23389,1.23399,1.23332
2018-03-13 00:00:00,1.23385,1.23403,1.23455,1.23353
2018-03-13 01:00:00,1.23404,1.23393,1.23419,1.23366
2018-03-13 02:00:00,1.23394,1.23343,1.23408,1.23332
2018-03-13 03:00:00,1.23343,1.23324,1.23355,1.23310
2018-03-13 04:00:00,1.23324,1.23279,1.23335,1.23264
2018-03-13 05:00:00,1.23279,1.23284,1.23301,1.23253
2018-03-13 06:00:00,1.23283,1.23287,1.23360,1.23246
2018-03-13 07:00:00,1.23287,1.23197,1.23339,1.23176
2018-03-13 08:00:00,1.23197,1.23342,1.23349,1.23148
2018-03-13 09:00:00,1.23341,1.23294,1.23384,1.23238
2018-03-13 10:00:00,1.23294,1.23299,1.23514,1.23273
2018-03-13 11:00:00,1.23299,1.23371,1.23419,1.23266
2018-03-13 12:00:00,1.23371,1.23667,1.23855,1.23324
2018-03-13 13:00:00,1.23663,1.23691,1.23855,1.23592
2018-03-13 14:00:00,1.23690,1.23750,1.23816,1.23402
2018-03-13 15:00:00,1.23749,1.23985,1.24009,1.23705
2018-03-13 16:00:00,1.23980,1.24013,1.24076,1.23882
2018-03-13 17:00:00,1.24015,1.23915,1.24066,1.23905
2018-03-13 18:00:00,1.23914,1.23982,1.23996,1.23909
2018-03-13 19:00:00,1.23980,1.23856,1.24002,1.23843
2018-03-13 20:00:00,1.23856,1.23898,1.23941,1.23846
2018-03-13 21:00:00,1.23901,1.23926,1.23975,1.23900
2018-03-13 22:00:00,1.23930,1.23939,1.23954,1.23897
2018-03-13 23:00:00,1.23939,1.23933,1.23956,1.23908
2018-03-14 00:00:00,1.23930,1.23944,1.23986,1.23892
2018-03-14 01:00:00,1.23945,1.24033,1.24059,1.23905
2018-03-14 02:00:00,1.24032,1.24090,1.24120,1.24008
2018-03-14 03:00:00,1.24090,1.24047,1.24092,1.24009
2018-03-14 04:00:00,1.24048,1.24075,1.24081,1.24021
2018-03-14 05:00:00,1.24076,1.24046,1.24128,1.24040
2018-03-14 06:00:00,1.24045,1.23993,1.24060,1.23946
2018-03-14 07:00:00,1.23994,1.23890,1.23994,1.23857
2018-03-14 08:00:00,1.23891,1.23752,1.24016,1.23639
2018-03-14 09:00:00,1.23750,1.23669,1.23829,1.23616
2018-03-14 10:00:00,1.23669,1.23742,1.23760,1.23623
2018-03-14 11:00:00,1.23743,1.23807,1.23831,1.23673
2018-03-14 12:00:00,1.23808,1.23630,1.23974,1.23630
2018-03-14 13:00:00,1.23631,1.23578,1.23762,1.23526
2018-03-14 14:00:00,1.23579,1.23632,1.23678,1.23485
2018-03-14 15:00:00,1.23632,1.23613,1.23680,1.23474
2018-03-14 16:00:00,1.23615,1.23675,1.23785,1.23582
2018-03-14 17:00:00,1.23676,1.23753,1.23786,1.23666
2018-03-14 18:00:00,1.23753,1.23758,1.23773,1.23700
2018-03-14 19:00:00,1.23758,1.23705,1.23764,1.23693
2018-03-14 20:00:00,1.23705,1.23679,1.23733,1.23655
2018-03-14 21:00:00,1.23678,1.23688,1.23701,1.23655
2018-03-14 22:00:00,1.23688,1.23685,1.23694,1.23651
2018-03-14 23:00:00,1.23686,1.23751,1.23765,1.23673
2018-03-15 00:00:00,1.23752,1.23820,1.23838,1.23717
2018-03-15 01:00:00,1.23820,1.23765,1.23836,1.23749
2018-03-15 02:00:00,1.23766,1.23795,1.23838,1.23760
2018-03-15 03:00:00,1.23795,1.23799,1.23820,1.23754
2018-03-15 04:00:00,1.23799,1.23818,1.23832,1.23780
2018-03-15 05:00:00,1.23817,1.23745,1.23825,1.23717
2018-03-15 06:00:00,1.23746,1.23659,1.23783,1.23648
2018-03-15 07:00:00,1.23659,1.23690,1.23731,1.23622
2018-03-15 08:00:00,1.23690,1.23651,1.23721,1.23613
2018-03-15 09:00:00,1.23650,1.23600,1.23681,1.23520
2018-03-15 10:00:00,1.23598,1.23625,1.23674,1.23555
2018-03-15 11:00:00,1.23626,1.23485,1.23640,1.23462
2018-03-15 12:00:00,1.23485,1.23385,1.23562,1.23353
2018-03-15 13:00:00,1.23388,1.23334,1.23465,1.23224
2018-03-15 14:00:00,1.23333,1.23442,1.23460,1.23249
2018-03-15 15:00:00,1.23440,1.23198,1.23481,1.23191
2018-03-15 16:00:00,1.23199,1.23162,1.23250,1.23112
2018-03-15 17:00:00,1.23162,1.23352,1.23354,1.23146
2018-03-15 18:00:00,1.23353,1.23033,1.23353,1.23025
2018-03-15 19:00:00,1.23032,1.23015,1.23067,1.23004
2018-03-15 20:00:00,1.23010,1.23048,1.23051,1.23005
2018-03-15 21:00:00,1.23050,1.23052,1.23078,1.23036
2018-03-15 22:00:00,1.23050,1.23064,1.23086,1.23038
2018-03-15 23:00:00,1.23065,1.23065,1.23078,1.23046
2018-03-16 00:00:00,1.23063,1.23044,1.23103,1.23026
2018-03-16 01:00:00,1.23043,1.23013,1.23047,1.22952
2018-03-16 02:00:00,1.23012,1.23059,1.23100,1.23006
2018-03-16 03:00:00,1.23058,1.23081,1.23111,1.23050
2018-03-16 04:00:00,1.23081,1.23106,1.23133,1.23075
2018-03-16 05:00:00,1.23107,1.23117,1.23130,1.23080
2018-03-16 06:00:00,1.23117,1.23183,1.23223,1.23100
2018-03-16 07:00:00,1.23183,1.23184,1.23249,1.23132
2018-03-16 08:00:00,1.23183,1.23184,1.23223,1.23069
2018-03-16 09:00:00,1.23182,1.23229,1.23363,1.23178
2018-03-16 10:00:00,1.23232,1.23258,1.23317,1.23183
2018-03-16 11:00:00,1.23258,1.23282,1.23304,1.23186
2018-03-16 12:00:00,1.23283,1.23090,1.23298,1.23088
2018-03-16 13:00:00,1.23087,1.22844,1.23100,1.22802
2018-03-16 14:00:00,1.22844,1.22617,1.22908,1.22603
2018-03-16 15:00:00,1.22619,1.22800,1.22821,1.22613
2018-03-16 16:00:00,1.22802,1.22915,1.22956,1.22782
2018-03-16 17:00:00,1.22915,1.22893,1.22916,1.22774
2018-03-16 18:00:00,1.22893,1.22842,1.22938,1.22837
2018-03-16 19:00:00,1.22845,1.22867,1.22902,1.22836
2018-03-16 20:00:00,1.22862,1.22904,1.22916,1.22835
2018-03-18 21:00:00,1.22857,1.22893,1.22938,1.22839
2018-03-18 22:00:00,1.22891,1.22857,1.22925,1.22848
2018-03-18 23:00:00,1.22854,1.22810,1.22876,1.22801
2018-03-19 00:00:00,1.22810,1.22713,1.22810,1.22711
2018-03-19 01:00:00,1.22714,1.22695,1.22714,1.22652
2018-03-19 02:00:00,1.22695,1.22711,1.22731,1.22663
2018-03-19 03:00:00,1.22711,1.22717,1.22733,1.22686
2018-03-19 04:00:00,1.22717,1.22670,1.22717,1.22651
2018-03-19 05:00:00,1.22669,1.22617,1.22683,1.22582
2018-03-19 06:00:00,1.22617,1.22665,1.22671,1.22614
2018-03-19 07:00:00,1.22666,1.22672,1.22747,1.22630
2018-03-19 08:00:00,1.22670,1.22803,1.22809,1.22626
2018-03-19 09:00:00,1.22800,1.22824,1.22891,1.22727
2018-03-19 10:00:00,1.22823,1.22927,1.23019,1.22823
2018-03-19 11:00:00,1.22928,1.22858,1.22934,1.22763
2018-03-19 12:00:00,1.22860,1.23029,1.23256,1.22855
2018-03-19 13:00:00,1.23027,1.23145,1.23189,1.23015
2018-03-19 14:00:00,1.23145,1.23239,1.23244,1.23082
2018-03-19 15:00:00,1.23239,1.23284,1.23332,1.23124
2018-03-19 16:00:00,1.23284,1.23336,1.23373,1.23204
2018-03-19 17:00:00,1.23334,1.23484,1.23497,1.23334
2018-03-19 18:00:00,1.23482,1.23583,1.23588,1.23429
2018-03-19 19:00:00,1.23586,1.23400,1.23588,1.23393
2018-03-19 20:00:00,1.23401,1.23357,1.23436,1.23347
2018-03-19 21:00:00,1.23359,1.23349,1.23383,1.23338
2018-03-19 22:00:00,1.23349,1.23352,1.23379,1.23330
2018-03-19 23:00:00,1.23353,1.23367,1.23425,1.23353
2018-03-20 00:00:00,1.23367,1.23414,1.23451,1.23343
2018-03-20 01:00:00,1.23414,1.23463,1.23506,1.23397
2018-03-20 02:00:00,1.23464,1.23458,1.23494,1.23438
2018-03-20 03:00:00,1.23458,1.23458,1.23475,1.23425
2018-03-20 04:00:00,1.23456,1.23390,1.23469,1.23374
2018-03-20 05:00:00,1.23387,1.23364,1.23398,1.23347
2018-03-20 06:00:00,1.23363,1.23461,1.23480,1.23353
2018-03-20 07:00:00,1.23459,1.23494,1.23547,1.23352
2018-03-20 08:00:00,1.23494,1.23463,1.23494,1.23339
2018-03-20 09:00:00,1.23464,1.23172,1.23467,1.23138
2018-03-20 10:00:00,1.23169,1.23116,1.23169,1.23072
2018-03-20 11:00:00,1.23116,1.22963,1.23130,1.22963
2018-03-20 12:00:00,1.22963,1.22844,1.22968,1.22802
2018-03-20 13:00:00,1.22847,1.22706,1.22858,1.22632
2018-03-20 14:00:00,1.22711,1.22729,1.22776,1.22633
2018-03-20 15:00:00,1.22728,1.22704,1.22869,1.22699
2018-03-20 16:00:00,1.22710,1.22541,1.22777,1.22459
2018-03-20 17:00:00,1.22542,1.22616,1.22647,1.22535
2018-03-20 18:00:00,1.22617,1.22519,1.22630,1.22494
2018-03-20 19:00:00,1.22517,1.22462,1.22554,1.22457
2018-03-20 20:00:00,1.22461,1.22417,1.22483,1.22401
2018-03-20 21:00:00,1.22417,1.22440,1.22457,1.22414
2018-03-20 22:00:00,1.22440,1.22457,1.22465,1.22420
2018-03-20 23:00:00,1.22456,1.22485,1.22493,1.22437
2018-03-21 00:00:00,1.22485,1.22564,1.22569,1.22469
2018-03-21 01:00:00,1.22565,1.22576,1.22605,1.22500
2018-03-21 02:00:00,1.22576,1.22572,1.22598,1.22524
2018-03-21 03:00:00,1.22571,1.22634,1.22670,1.22568
2018-03-21 04:00:00,1.22634,1.22613,1.22653,1.22613
2018-03-21 05:00:00,1.22613,1.22624,1.22664,1.22604
2018-03-21 06:00:00,1.22622,1.22707,1.22733,1.22612
2018-03-21 07:00:00,1.22706,1.22789,1.22819,1.22683
2018-03-21 08:00:00,1.22789,1.22800,1.22909,1.22753
2018-03-21 09:00:00,1.22801,1.22785,1.22839,1.22722
2018-03-21 10:00:00,1.22788,1.22829,1.22868,1.22755
2018-03-21 11:00:00,1.22829,1.22746,1.22846,1.22648
2018-03-21 12:00:00,1.22748,1.22851,1.22860,1.22696
2018-03-21 13:00:00,1.22852,1.22896,1.22961,1.22811
2018-03-21 14:00:00,1.22895,1.22878,1.22909,1.22798
2018-03-21 15:00:00,1.22877,1.22682,1.22942,1.22665
2018-03-21 16:00:00,1.22684,1.22623,1.22688,1.22572
2018-03-21 17:00:00,1.22623,1.22816,1.22837,1.22594
2018-03-21 18:00:00,1.22816,1.23298,1.23320,1.22516
2018-03-21 19:00:00,1.23301,1.23458,1.23480,1.23240
2018-03-21 20:00:00,1.23460,1.23382,1.23502,1.23379
2018-03-21 21:00:00,1.23382,1.23391,1.23452,1.23382
2018-03-21 22:00:00,1.23393,1.23430,1.23430,1.23387
2018-03-21 23:00:00,1.23429,1.23466,1.23497,1.23418
2018-03-22 00:00:00,1.23467,1.23682,1.23692,1.23447
2018-03-22 01:00:00,1.23682,1.23645,1.23693,1.23622
2018-03-22 02:00:00,1.23644,1.23593,1.23650,1.23580
2018-03-22 03:00:00,1.23593,1.23637,1.23646,1.23553
2018-03-22 04:00:00,1.23636,1.23607,1.23654,1.23601
2018-03-22 05:00:00,1.23605,1.23459,1.23607,1.23453
2018-03-22 06:00:00,1.23459,1.23534,1.23581,1.23420
2018-03-22 07:00:00,1.23533,1.23731,1.23885,1.23519
2018-03-22 08:00:00,1.23733,1.23572,1.23753,1.23515
2018-03-22 09:00:00,1.23571,1.23344,1.23597,1.23300
2018-03-22 10:00:00,1.23344,1.23183,1.23358,1.23081
2018-03-22 11:00:00,1.23182,1.23239,1.23261,1.23108
2018-03-22 12:00:00,1.23239,1.23135,1.23317,1.23069
2018-03-22 13:00:00,1.23138,1.23221,1.23240,1.23042
2018-03-22 14:00:00,1.23219,1.23090,1.23259,1.23013
2018-03-22 15:00:00,1.23091,1.23107,1.23123,1.22964
2018-03-22 16:00:00,1.23108,1.23066,1.23185,1.22857
2018-03-22 17:00:00,1.23066,1.23028,1.23114,1.22924
2018-03-22 18:00:00,1.23028,1.23064,1.23149,1.23004
2018-03-22 19:00:00,1.23064,1.23184,1.23229,1.23058
2018-03-22 20:00:00,1.23190,1.23024,1.23197,1.23001
2018-03-22 21:00:00,1.23023,1.23069,1.23103,1.23016
2018-03-22 22:00:00,1.23071,1.23207,1.23236,1.23071
2018-03-22 23:00:00,1.23208,1.23244,1.23291,1.23166
2018-03-23 00:00:00,1.23242,1.23369,1.23415,1.23198
2018-03-23 01:00:00,1.23370,1.23298,1.23379,1.23258
2018-03-23 02:00:00,1.23298,1.23333,1.23417,1.23271
2018-03-23 03:00:00,1.23330,1.23349,1.23381,1.23311
2018-03-23 04:00:00,1.23349,1.23347,1.23363,1.23317
2018-03-23 05:00:00,1.23347,1.23321,1.23388,1.23314
2018-03-23 06:00:00,1.23320,1.23452,1.23473,1.23320
2018-03-23 07:00:00,1.23451,1.23220,1.23490,1.23170
2018-03-23 08:00:00,1.23219,1.23365,1.23409,1.23202
2018-03-23 09:00:00,1.23365,1.23244,1.23403,1.23196
2018-03-23 10:00:00,1.23244,1.23306,1.23343,1.23240
2018-03-23 11:00:00,1.23307,1.23445,1.23463,1.23275
2018-03-23 12:00:00,1.23446,1.23383,1.23601,1.23342
2018-03-23 13:00:00,1.23385,1.23368,1.23464,1.23230
2018-03-23 14:00:00,1.23369,1.23375,1.23551,1.23356
2018-03-23 15:00:00,1.23375,1.23587,1.23627,1.23352
2018-03-23 16:00:00,1.23587,1.23629,1.23669,1.23494
2018-03-23 17:00:00,1.23629,1.23620,1.23683,1.23560
2018-03-23 18:00:00,1.23617,1.23677,1.23737,1.23558
2018-03-23 19:00:00,1.23675,1.23652,1.23710,1.23606
2018-03-23 20:00:00,1.23653,1.23548,1.23668,1.23514
2018-03-25 21:00:00,1.23551,1.23593,1.23616,1.23531
2018-03-25 22:00:00,1.23593,1.23674,1.23680,1.23576
2018-03-25 23:00:00,1.23673,1.23546,1.23674,1.23535
2018-03-26 00:00:00,1.23546,1.23698,1.23827,1.23520
2018-03-26 01:00:00,1.23696,1.23705,1.23716,1.23644
2018-03-26 02:00:00,1.23706,1.23755,1.23766,1.23673
2018-03-26 03:00:00,1.23755,1.23735,1.23814,1.23723
2018-03-26 04:00:00,1.23735,1.23737,1.23764,1.23716
2018-03-26 05:00:00,1.23737,1.23663,1.23738,1.23649
2018-03-26 06:00:00,1.23662,1.23622,1.23708,1.23620
2018-03-26 07:00:00,1.23621,1.23830,1.23940,1.23592
2018-03-26 08:00:00,1.23831,1.23923,1.23988,1.23744
2018-03-26 09:00:00,1.23923,1.24061,1.24168,1.23921
2018-03-26 10:00:00,1.24061,1.24035,1.24127,1.23987
2018-03-26 11:00:00,1.24035,1.24070,1.24170,1.24035
2018-03-26 12:00:00,1.24068,1.24007,1.24130,1.24003
2018-03-26 13:00:00,1.24007,1.24366,1.24395,1.23984
2018-03-26 14:00:00,1.24367,1.24419,1.24491,1.24336
2018-03-26 15:00:00,1.24419,1.24403,1.24473,1.24374
2018-03-26 16:00:00,1.24402,1.24445,1.24501,1.24372
2018-03-26 17:00:00,1.24445,1.24528,1.24562,1.24419
2018-03-26 18:00:00,1.24528,1.24554,1.24619,1.24523
2018-03-26 19:00:00,1.24549,1.24520,1.24567,1.24496
2018-03-26 20:00:00,1.24519,1.24443,1.24533,1.24414
2018-03-26 21:00:00,1.24442,1.24478,1.24566,1.24431
2018-03-26 22:00:00,1.24478,1.24523,1.24529,1.24443
2018-03-26 23:00:00,1.24521,1.24575,1.24579,1.24488
2018-03-27 00:00:00,1.24572,1.24499,1.24572,1.24474
2018-03-27 01:00:00,1.24499,1.24433,1.24535,1.24426
2018-03-27 02:00:00,1.24433,1.24468,1.24496,1.24426
2018-03-27 03:00:00,1.24468,1.24519,1.24554,1.24468
2018-03-27 04:00:00,1.24519,1.24500,1.24549,1.24488
2018-03-27 05:00:00,1.24500,1.24491,1.24519,1.24432
2018-03-27 06:00:00,1.24491,1.24655,1.24766,1.24464
2018-03-27 07:00:00,1.24650,1.24654,1.24743,1.24587
2018-03-27 08:00:00,1.24654,1.24303,1.24661,1.24264
2018-03-27 09:00:00,1.24303,1.24140,1.24310,1.24100
2018-03-27 10:00:00,1.24142,1.24072,1.24201,1.24052
2018-03-27 11:00:00,1.24073,1.23914,1.24077,1.23899
2018-03-27 12:00:00,1.23912,1.23873,1.23914,1.23725
2018-03-27 13:00:00,1.23870,1.23911,1.23991,1.23777
2018-03-27 14:00:00,1.23911,1.23934,1.24092,1.23898
2018-03-27 15:00:00,1.23935,1.24086,1.24136,1.23899
2018-03-27 16:00:00,1.24086,1.24136,1.24159,1.24068
2018-03-27 17:00:00,1.24136,1.24095,1.24151,1.24043
2018-03-27 18:00:00,1.24095,1.24004,1.24120,1.24003
2018-03-27 19:00:00,1.24001,1.23966,1.24059,1.23949
2018-03-27 20:00:00,1.23966,1.24031,1.24049,1.23966
2018-03-27 21:00:00,1.24032,1.24059,1.24081,1.24020
2018-03-27 22:00:00,1.24058,1.24065,1.24091,1.24039
2018-03-27 23:00:00,1.24066,1.24089,1.24091,1.24058
2018-03-28 00:00:00,1.24089,1.24129,1.24161,1.24070
2018-03-28 01:00:00,1.24129,1.24161,1.24197,1.24095
2018-03-28 02:00:00,1.24159,1.24179,1.24216,1.24100
2018-03-28 03:00:00,1.24179,1.24215,1.24219,1.24167
2018-03-28 04:00:00,1.24215,1.24085,1.24215,1.24074
2018-03-28 05:00:00,1.24084,1.24075,1.24106,1.24033
2018-03-28 06:00:00,1.24071,1.23939,1.24071,1.23838
2018-03-28 07:00:00,1.23939,1.23990,1.24020,1.23767
2018-03-28 08:00:00,1.23990,1.23979,1.24088,1.23964
2018-03-28 09:00:00,1.23976,1.23921,1.23988,1.23840
2018-03-28 10:00:00,1.23922,1.23913,1.23988,1.23871
2018-03-28 11:00:00,1.23914,1.24044,1.24052,1.23886
2018-03-28 12:00:00,1.24044,1.23832,1.24089,1.23775
2018-03-28 13:00:00,1.23830,1.23432,1.23841,1.23351
2018-03-28 14:00:00,1.23431,1.23519,1.23519,1.23375
2018-03-28 15:00:00,1.23516,1.23497,1.23603,1.23428
2018-03-28 16:00:00,1.23499,1.23462,1.23528,1.23384
2018-03-28 17:00:00,1.23459,1.23172,1.23512,1.23142
2018-03-28 18:00:00,1.23172,1.23131,1.23190,1.23010
2018-03-28 19:00:00,1.23129,1.23010,1.23154,1.23003
2018-03-28 20:00:00,1.23010,1.23095,1.23100,1.23007
2018-03-28 21:00:00,1.23095,1.23102,1.23125,1.23064
2018-03-28 22:00:00,1.23103,1.23098,1.23137,1.23076
2018-03-28 23:00:00,1.23098,1.23129,1.23137,1.23056
2018-03-29 00:00:00,1.23125,1.23127,1.23146,1.23018
2018-03-29 01:00:00,1.23127,1.23178,1.23243,1.23122
2018-03-29 02:00:00,1.23177,1.23235,1.23263,1.23171
2018-03-29 03:00:00,1.23234,1.23281,1.23282,1.23202
2018-03-29 04:00:00,1.23279,1.23305,1.23313,1.23262
2018-03-29 05:00:00,1.23304,1.23340,1.23353,1.23258
2018-03-29 06:00:00,1.23336,1.23087,1.23336,1.23040
2018-03-29 07:00:00,1.23066,1.23090,1.23181,1.22958
2018-03-29 08:00:00,1.23088,1.23071,1.23180,1.23003
2018-03-29 09:00:00,1.23073,1.23145,1.23161,1.23005
2018-03-29 10:00:00,1.23144,1.23234,1.23279,1.22977
2018-03-29 11:00:00,1.23233,1.23183,1.23354,1.23173
2018-03-29 12:00:00,1.23183,1.23190,1.23275,1.23068
2018-03-29 13:00:00,1.23189,1.23247,1.23354,1.23178
2018-03-29 14:00:00,1.23247,1.22989,1.23262,1.22972
2018-03-29 15:00:00,1.22987,1.22881,1.23027,1.22841
2018-03-29 16:00:00,1.22882,1.22905,1.23007,1.22869
2018-03-29 17:00:00,1.22908,1.22964,1.23008,1.22859
2018-03-29 18:00:00,1.22964,1.23064,1.23106,1.22938
2018-03-29 19:00:00,1.23062,1.23048,1.23084,1.23031
2018-03-29 20:00:00,1.23049,1.23009,1.23049,1.23003
2018-03-29 21:00:00,1.23009,1.23023,1.23081,1.23003
2018-03-29 22:00:00,1.23023,1.23046,1.23068,1.23008
2018-03-29 23:00:00,1.23046,1.23030,1.23049,1.22998
2018-03-30 00:00:00,1.23030,1.23012,1.23096,1.22913
2018-03-30 01:00:00,1.23012,1.23135,1.23138,1.23000
2018-03-30 02:00:00,1.23135,1.23150,1.23175,1.23100
2018-03-30 03:00:00,1.23151,1.23150,1.23183,1.23115
2018-03-30 04:00:00,1.23149,1.23125,1.23180,1.23104
2018-03-30 05:00:00,1.23125,1.23071,1.23170,1.23061
2018-03-30 06:00:00,1.23071,1.23179,1.23218,1.23065
2018-03-30 07:00:00,1.23178,1.23234,1.23234,1.23174
2018-03-30 08:00:00,1.23238,1.23284,1.23313,1.23228
2018-03-30 09:00:00,1.23284,1.23274,1.23306,1.23236
2018-03-30 10:00:00,1.23274,1.23267,1.23293,1.23267
2018-03-30 11:00:00,1.23267,1.23279,1.23280,1.23258
2018-03-30 12:00:00,1.23277,1.23281,1.23292,1.23260
2018-03-30 13:00:00,1.23280,1.23261,1.23292,1.23212
2018-03-30 14:00:00,1.23258,1.23217,1.23262,1.23184
2018-03-30 15:00:00,1.23216,1.23190,1.23241,1.23145
2018-03-30 16:00:00,1.23192,1.23274,1.23282,1.23192
2018-03-30 17:00:00,1.23273,1.23231,1.23276,1.23209
2018-03-30 18:00:00,1.23232,1.23270,1.23272,1.23191
2018-03-30 19:00:00,1.23268,1.23192,1.23282,1.23192
2018-03-30 20:00:00,1.23186,1.23261,1.23300,1.23180
2018-04-01 21:00:00,1.23267,1.23249,1.23272,1.23202
2018-04-01 22:00:00,1.23250,1.23178,1.23259,1.23138
2018-04-01 23:00:00,1.23179,1.23130,1.23215,1.23129
2018-04-02 00:00:00,1.23130,1.23221,1.23221,1.23111
2018-04-02 01:00:00,1.23221,1.23267,1.23285,1.23217
2018-04-02 02:00:00,1.23266,1.23239,1.23282,1.23211
2018-04-02 03:00:00,1.23238,1.23188,1.23238,1.23166
2018-04-02 04:00:00,1.23187,1.23172,1.23188,1.23152
2018-04-02 05:00:00,1.23172,1.23175,1.23175,1.23136
2018-04-02 06:00:00,1.23175,1.23229,1.23229,1.23120
2018-04-02 07:00:00,1.23226,1.23310,1.23321,1.23204
2018-04-02 08:00:00,1.23310,1.23294,1.23319,1.23282
2018-04-02 09:00:00,1.23293,1.23316,1.23327,1.23285
2018-04-02 10:00:00,1.23317,1.23278,1.23317,1.23267
2018-04-02 11:00:00,1.23278,1.23415,1.23425,1.23273
2018-04-02 12:00:00,1.23416,1.23362,1.23452,1.23344
2018-04-02 13:00:00,1.23361,1.23221,1.23376,1.23181
2018-04-02 14:00:00,1.23223,1.23121,1.23344,1.23106
2018-04-02 15:00:00,1.23121,1.22881,1.23121,1.22823
2018-04-02 16:00:00,1.22881,1.22944,1.22950,1.22854
2018-04-02 17:00:00,1.22944,1.23049,1.23049,1.22882
2018-04-02 18:00:00,1.23044,1.23008,1.23075,1.22990
2018-04-02 19:00:00,1.23007,1.23060,1.23063,1.22983
2018-04-02 20:00:00,1.23058,1.23027,1.23060,1.23011
2018-04-02 21:00:00,1.23029,1.23021,1.23099,1.22994
2018-04-02 22:00:00,1.23023,1.23013,1.23039,1.22988
2018-04-02 23:00:00,1.23014,1.22934,1.23037,1.22925
2018-04-03 00:00:00,1.22933,1.23035,1.23043,1.22926
2018-04-03 01:00:00,1.23036,1.23038,1.23084,1.22971
2018-04-03 02:00:00,1.23038,1.23078,1.23099,1.23023
2018-04-03 03:00:00,1.23078,1.23058,1.23120,1.23053
2018-04-03 04:00:00,1.23058,1.23098,1.23104,1.23048
2018-04-03 05:00:00,1.23098,1.23087,1.23111,1.23036
2018-04-03 06:00:00,1.23087,1.23233,1.23249,1.23047
2018-04-03 07:00:00,1.23231,1.23242,1.23353,1.23205
2018-04-03 08:00:00,1.23242,1.23168,1.23310,1.23141
2018-04-03 09:00:00,1.23169,1.23076,1.23190,1.23045
2018-04-03 10:00:00,1.23075,1.22884,1.23157,1.22863
2018-04-03 11:00:00,1.22884,1.23021,1.23059,1.22866
2018-04-03 12:00:00,1.23020,1.22960,1.23152,1.22922
2018-04-03 13:00:00,1.22959,1.22581,1.22992,1.22563
2018-04-03 14:00:00,1.22583,1.22731,1.22749,1.22540
2018-04-03 15:00:00,1.22731,1.22613,1.22762,1.22590
2018-04-03 16:00:00,1.22613,1.22666,1.22712,1.22579
2018-04-03 17:00:00,1.22667,1.22641,1.22741,1.22628
2018-04-03 18:00:00,1.22641,1.22679,1.22702,1.22608
2018-04-03 19:00:00,1.22676,1.22638,1.22720,1.22621
2018-04-03 20:00:00,1.22639,1.22713,1.22722,1.22639
2018-04-03 21:00:00,1.22715,1.22709,1.22715,1.22651
2018-04-03 22:00:00,1.22708,1.22727,1.22731,1.22694
2018-04-03 23:00:00,1.22727,1.22785,1.22785,1.22690
2018-04-04 00:00:00,1.22785,1.22790,1.22811,1.22730
2018-04-04 01:00:00,1.22788,1.22780,1.22794,1.22744
2018-04-04 02:00:00,1.22779,1.22814,1.22873,1.22778
2018-04-04 03:00:00,1.22816,1.22826,1.22837,1.22754
2018-04-04 04:00:00,1.22826,1.22784,1.22843,1.22784
2018-04-04 05:00:00,1.22785,1.22784,1.22817,1.22729
2018-04-04 06:00:00,1.22784,1.22661,1.22784,1.22635
2018-04-04 07:00:00,1.22666,1.22948,1.22951,1.22572
2018-04-04 08:00:00,1.22950,1.22921,1.23148,1.22883
2018-04-04 09:00:00,1.22916,1.22776,1.22969,1.22764
2018-04-04 10:00:00,1.22774,1.22852,1.22874,1.22760
2018-04-04 11:00:00,1.22851,1.22883,1.22930,1.22819
2018-04-04 12:00:00,1.22884,1.22968,1.23006,1.22715
2018-04-04 13:00:00,1.22969,1.22977,1.23005,1.22882
2018-04-04 14:00:00,1.22980,1.22986,1.23100,1.22895
2018-04-04 15:00:00,1.22985,1.22914,1.23038,1.22901
2018-04-04 16:00:00,1.22914,1.22943,1.22978,1.22871
2018-04-04 17:00:00,1.22943,1.22835,1.22947,1.22826
2018-04-04 18:00:00,1.22834,1.22801,1.22853,1.22741
2018-04-04 19:00:00,1.22800,1.22831,1.22844,1.22745
2018-04-04 20:00:00,1.22829,1.22780,1.22829,1.22766
2018-04-04 21:00:00,1.22780,1.22827,1.22885,1.22780
2018-04-04 22:00:00,1.22827,1.22851,1.22861,1.22811
2018-04-04 23:00:00,1.22851,1.22877,1.22877,1.22819
2018-04-05 00:00:00,1.22877,1.22862,1.22902,1.22847
2018-04-05 01:00:00,1.22864,1.22803,1.22897,1.22771
2018-04-05 02:00:00,1.22802,1.22799,1.22819,1.22774
2018-04-05 03:00:00,1.22799,1.22848,1.22876,1.22778
2018-04-05 04:00:00,1.22849,1.22771,1.22855,1.22749
2018-04-05 05:00:00,1.22771,1.22756,1.22792,1.22709
2018-04-05 06:00:00,1.22754,1.22633,1.22758,1.22589
2018-04-05 07:00:00,1.22633,1.22574,1.22711,1.22493
2018-04-05 08:00:00,1.22577,1.22653,1.22691,1.22538
2018-04-05 09:00:00,1.22653,1.22764,1.22837,1.22628
2018-04-05 10:00:00,1.22764,1.22801,1.22804,1.22690
2018-04-05 11:00:00,1.22800,1.22561,1.22818,1.22530
2018-04-05 12:00:00,1.22562,1.22501,1.22630,1.22358
2018-04-05 13:00:00,1.22502,1.22560,1.22688,1.22449
2018-04-05 14:00:00,1.22559,1.22295,1.22572,1.22215
2018-04-05 15:00:00,1.22295,1.22292,1.22331,1.22185
2018-04-05 16:00:00,1.22290,1.22365,1.22440,1.22286
2018-04-05 17:00:00,1.22364,1.22360,1.22380,1.22244
2018-04-05 18:00:00,1.22359,1.22368,1.22397,1.22331
2018-04-05 19:00:00,1.22368,1.22351,1.22385,1.22336
2018-04-05 20:00:00,1.22349,1.22407,1.22414,1.22345
2018-04-05 21:00:00,1.22412,1.22398,1.22421,1.22378
2018-04-05 22:00:00,1.22398,1.22448,1.22470,1.22382
2018-04-05 23:00:00,1.22448,1.22489,1.22548,1.22405
2018-04-06 00:00:00,1.22491,1.22493,1.22533,1.22470
2018-04-06 01:00:00,1.22493,1.22580,1.22597,1.22481
2018-04-06 02:00:00,1.22582,1.22552,1.22600,1.22549
2018-04-06 03:00:00,1.22551,1.22424,1.22560,1.22420
2018-04-06 04:00:00,1.22425,1.22386,1.22431,1.22344
2018-04-06 05:00:00,1.22386,1.22379,1.22427,1.22357
2018-04-06 06:00:00,1.22379,1.22364,1.22392,1.22279
2018-04-06 07:00:00,1.22360,1.22274,1.22369,1.22154
2018-04-06 08:00:00,1.22275,1.22352,1.22370,1.22220
2018-04-06 09:00:00,1.22353,1.22430,1.22474,1.22350
2018-04-06 10:00:00,1.22431,1.22400,1.22462,1.22392
2018-04-06 11:00:00,1.22400,1.22320,1.22427,1.22313
2018-04-06 12:00:00,1.22320,1.22481,1.22571,1.22198
2018-04-06 13:00:00,1.22482,1.22686,1.22801,1.22443
2018-04-06 14:00:00,1.22687,1.22621,1.22762,1.22572
2018-04-06 15:00:00,1.22620,1.22740,1.22800,1.22607
2018-04-06 16:00:00,1.22741,1.22757,1.22790,1.22665
2018-04-06 17:00:00,1.22759,1.22821,1.22822,1.22680
2018-04-06 18:00:00,1.22821,1.22857,1.22897,1.22782
2018-04-06 19:00:00,1.22860,1.22855,1.22909,1.22817
2018-04-06 20:00:00,1.22854,1.22834,1.22869,1.22795
2018-04-08 21:00:00,1.22896,1.22786,1.22896,1.22767
2018-04-08 22:00:00,1.22786,1.22744,1.22798,1.22738
2018-04-08 23:00:00,1.22745,1.22712,1.22773,1.22659
2018-04-09 00:00:00,1.22711,1.22751,1.22757,1.22660
2018-04-09 01:00:00,1.22752,1.22713,1.22775,1.22713
2018-04-09 02:00:00,1.22715,1.22739,1.22743,1.22661
2018-04-09 03:00:00,1.22739,1.22727,1.22756,1.22688
2018-04-09 04:00:00,1.22727,1.22775,1.22777,1.22722
2018-04-09 05:00:00,1.22775,1.22823,1.22861,1.22750
2018-04-09 06:00:00,1.22823,1.22786,1.22867,1.22731
2018-04-09 07:00:00,1.22786,1.22822,1.22866,1.22605
2018-04-09 08:00:00,1.22822,1.22802,1.22851,1.22753
2018-04-09 09:00:00,1.22801,1.22676,1.22844,1.22676
2018-04-09 10:00:00,1.22677,1.22732,1.22753,1.22624
2018-04-09 11:00:00,1.22732,1.22840,1.22863,1.22664
2018-04-09 12:00:00,1.22840,1.23135,1.23137,1.22824
2018-04-09 13:00:00,1.23134,1.23240,1.23271,1.23120
2018-04-09 14:00:00,1.23241,1.23115,1.23310,1.23101
2018-04-09 15:00:00,1.23114,1.23190,1.23269,1.23075
2018-04-09 16:00:00,1.23190,1.23184,1.23274,1.23129
2018-04-09 17:00:00,1.23185,1.23177,1.23238,1.23129
2018-04-09 18:00:00,1.23177,1.23217,1.23257,1.23148
2018-04-09 19:00:00,1.23219,1.23228,1.23255,1.23159
2018-04-09 20:00:00,1.23223,1.23211,1.23224,1.23170
2018-04-09 21:00:00,1.23213,1.23245,1.23245,1.23195
2018-04-09 22:00:00,1.23243,1.23224,1.23270,1.23222
2018-04-09 23:00:00,1.23225,1.23209,1.23249,1.23208
2018-04-10 00:00:00,1.23209,1.23255,1.23291,1.23207
2018-04-10 01:00:00,1.23256,1.23169,1.23271,1.23166
2018-04-10 02:00:00,1.23170,1.23170,1.23181,1.23070
2018-04-10 03:00:00,1.23170,1.23151,1.23184,1.23104
2018-04-10 04:00:00,1.23151,1.23188,1.23188,1.23117
2018-04-10 05:00:00,1.23188,1.23082,1.23188,1.23080
2018-04-10 06:00:00,1.23083,1.23158,1.23194,1.23030
2018-04-10 07:00:00,1.23157,1.23304,1.23355,1.23095
2018-04-10 08:00:00,1.23303,1.23252,1.23309,1.23128
2018-04-10 09:00:00,1.23252,1.23220,1.23308,1.23196
2018-04-10 10:00:00,1.23220,1.23251,1.23281,1.23178
2018-04-10 11:00:00,1.23249,1.23603,1.23778,1.23212
2018-04-10 12:00:00,1.23604,1.23490,1.23654,1.23413
2018-04-10 13:00:00,1.23485,1.23653,1.23682,1.23462
2018-04-10 14:00:00,1.23651,1.23499,1.23673,1.23463
2018-04-10 15:00:00,1.23500,1.23372,1.23604,1.23247
2018-04-10 16:00:00,1.23374,1.23405,1.23480,1.23366
2018-04-10 17:00:00,1.23406,1.23461,1.23590,1.23403
2018-04-10 18:00:00,1.23461,1.23609,1.23616,1.23443
2018-04-10 19:00:00,1.23609,1.23541,1.23615,1.23530
2018-04-10 20:00:00,1.23539,1.23561,1.23568,1.23529
2018-04-10 21:00:00,1.23561,1.23540,1.23592,1.23514
2018-04-10 22:00:00,1.23538,1.23575,1.23588,1.23538
2018-04-10 23:00:00,1.23576,1.23630,1.23651,1.23576
2018-04-11 00:00:00,1.23630,1.23612,1.23655,1.23584
2018-04-11 01:00:00,1.23611,1.23545,1.23633,1.23530
2018-04-11 02:00:00,1.23548,1.23585,1.23631,1.23548
2018-04-11 03:00:00,1.23587,1.23630,1.23643,1.23574
2018-04-11 04:00:00,1.23630,1.23641,1.23645,1.23607
2018-04-11 05:00:00,1.23640,1.23650,1.23701,1.23629
2018-04-11 06:00:00,1.23649,1.23764,1.23816,1.23630
2018-04-11 07:00:00,1.23765,1.23765,1.23875,1.23720
2018-04-11 08:00:00,1.23765,1.23774,1.23774,1.23623
2018-04-11 09:00:00,1.23774,1.23783,1.23790,1.23624
2018-04-11 10:00:00,1.23784,1.23753,1.23848,1.23682
2018-04-11 11:00:00,1.23754,1.23759,1.23891,1.23709
2018-04-11 12:00:00,1.23747,1.23756,1.23972,1.23736
2018-04-11 13:00:00,1.23757,1.23754,1.23808,1.23683
2018-04-11 14:00:00,1.23754,1.23839,1.23933,1.23733
2018-04-11 15:00:00,1.23839,1.23841,1.23909,1.23797
2018-04-11 16:00:00,1.23841,1.23749,1.23851,1.23712
2018-04-11 17:00:00,1.23751,1.23724,1.23783,1.23687
2018-04-11 18:00:00,1.23724,1.23625,1.23736,1.23473
2018-04-11 19:00:00,1.23627,1.23618,1.23671,1.23601
2018-04-11 20:00:00,1.23618,1.23674,1.23711,1.23606
2018-04-11 21:00:00,1.23681,1.23679,1.23729,1.23647
2018-04-11 22:00:00,1.23678,1.23704,1.23717,1.23671
2018-04-11 23:00:00,1.23703,1.23720,1.23727,1.23679
2018-04-12 00:00:00,1.23721,1.23761,1.23799,1.23718
2018-04-12 01:00:00,1.23761,1.23702,1.23785,1.23676
2018-04-12 02:00:00,1.23702,1.23652,1.23706,1.23641
2018-04-12 03:00:00,1.23654,1.23688,1.23699,1.23629
2018-04-12 04:00:00,1.23687,1.23584,1.23691,1.23572
2018-04-12 05:00:00,1.23587,1.23569,1.23609,1.23555
2018-04-12 06:00:00,1.23569,1.23630,1.23741,1.23538
2018-04-12 07:00:00,1.23628,1.23687,1.23719,1.23599
2018-04-12 08:00:00,1.23689,1.23462,1.23731,1.23453
2018-04-12 09:00:00,1.23462,1.23406,1.23462,1.23311
2018-04-12 10:00:00,1.23406,1.23379,1.23430,1.23277
2018-04-12 11:00:00,1.23380,1.23213,1.23518,1.23202
2018-04-12 12:00:00,1.23211,1.23158,1.23278,1.23124
2018-04-12 13:00:00,1.23158,1.23068,1.23200,1.23008
2018-04-12 14:00:00,1.23070,1.23170,1.23180,1.22995
2018-04-12 15:00:00,1.23170,1.23179,1.23235,1.23075
2018-04-12 16:00:00,1.23180,1.23346,1.23361,1.23153
2018-04-12 17:00:00,1.23345,1.23333,1.23397,1.23287
2018-04-12 18:00:00,1.23333,1.23295,1.23345,1.23272
2018-04-12 19:00:00,1.23306,1.23259,1.23317,1.23257
2018-04-12 20:00:00,1.23249,1.23270,1.23316,1.23249
2018-04-12 21:00:00,1.23271,1.23266,1.23293,1.23255
2018-04-12 22:00:00,1.23266,1.23289,1.23300,1.23257
2018-04-12 23:00:00,1.23290,1.23297,1.23302,1.23275
2018-04-13 00:00:00,1.23296,1.23288,1.23331,1.23264
2018-04-13 01:00:00,1.23290,1.23234,1.23316,1.23221
2018-04-13 02:00:00,1.23232,1.23296,1.23307,1.23216
2018-04-13 03:00:00,1.23296,1.23302,1.23334,1.23278
2018-04-13 04:00:00,1.23302,1.23292,1.23310,1.23278
2018-04-13 05:00:00,1.23292,1.23278,1.23310,1.23258
2018-04-13 06:00:00,1.23278,1.23236,1.23311,1.23176
2018-04-13 07:00:00,1.23235,1.23413,1.23439,1.23206
2018-04-13 08:00:00,1.23410,1.23352,1.23460,1.23295
2018-04-13 09:00:00,1.23352,1.23348,1.23401,1.23298
2018-04-13 10:00:00,1.23348,1.23229,1.23391,1.23224
2018-04-13 11:00:00,1.23229,1.23126,1.23232,1.23072
2018-04-13 12:00:00,1.23128,1.23163,1.23251,1.23096
2018-04-13 13:00:00,1.23163,1.23249,1.23315,1.23162
2018-04-13 14:00:00,1.23251,1.23284,1.23334,1.23208
2018-04-13 15:00:00,1.23286,1.23207,1.23322,1.23196
2018-04-13 16:00:00,1.23208,1.23420,1.23441,1.23195
2018-04-13 17:00:00,1.23423,1.23361,1.23428,1.23309
2018-04-13 18:00:00,1.23363,1.23318,1.23364,1.23292
2018-04-13 19:00:00,1.23318,1.23376,1.23416,1.23316
2018-04-13 20:00:00,1.23373,1.23324,1.23406,1.23290
2018-04-15 21:00:00,1.23360,1.23305,1.23390,1.23263
2018-04-15 22:00:00,1.23307,1.23289,1.23365,1.23256
2018-04-15 23:00:00,1.23290,1.23319,1.23339,1.23285
2018-04-16 00:00:00,1.23318,1.23393,1.23405,1.23313
2018-04-16 01:00:00,1.23393,1.23366,1.23430,1.23345
2018-04-16 02:00:00,1.23366,1.23405,1.23418,1.23340
2018-04-16 03:00:00,1.23404,1.23383,1.23410,1.23380
2018-04-16 04:00:00,1.23383,1.23312,1.23384,1.23312
2018-04-16 05:00:00,1.23313,1.23303,1.23336,1.23280
2018-04-16 06:00:00,1.23301,1.23275,1.23390,1.23244
2018-04-16 07:00:00,1.23272,1.23570,1.23596,1.23263
2018-04-16 08:00:00,1.23570,1.23648,1.23689,1.23531
2018-04-16 09:00:00,1.23646,1.23643,1.23739,1.23568
2018-04-16 10:00:00,1.23644,1.23644,1.23659,1.23595
2018-04-16 11:00:00,1.23643,1.23699,1.23734,1.23624
2018-04-16 12:00:00,1.23696,1.23815,1.23833,1.23588
2018-04-16 13:00:00,1.23816,1.23893,1.23948,1.23778
2018-04-16 14:00:00,1.23895,1.23671,1.23922,1.23665
2018-04-16 15:00:00,1.23672,1.23732,1.23732,1.23627
2018-04-16 16:00:00,1.23731,1.23831,1.23856,1.23696
2018-04-16 17:00:00,1.23831,1.23774,1.23833,1.23763
2018-04-16 18:00:00,1.23774,1.23811,1.23829,1.23766
2018-04-16 19:00:00,1.23810,1.23760,1.23823,1.23747
2018-04-16 20:00:00,1.23759,1.23801,1.23843,1.23756
2018-04-16 21:00:00,1.23808,1.23811,1.23832,1.23802
2018-04-16 22:00:00,1.23810,1.23819,1.23844,1.23796
2018-04-16 23:00:00,1.23820,1.23841,1.23856,1.23796
2018-04-17 00:00:00,1.23841,1.23838,1.23878,1.23830
2018-04-17 01:00:00,1.23838,1.23808,1.23880,1.23802
2018-04-17 02:00:00,1.23809,1.23815,1.23816,1.23760
2018-04-17 03:00:00,1.23814,1.23815,1.23843,1.23788
2018-04-17 04:00:00,1.23815,1.23826,1.23867,1.23809
2018-04-17 05:00:00,1.23827,1.23888,1.23892,1.23820
2018-04-17 06:00:00,1.23885,1.24019,1.24049,1.23858
2018-04-17 07:00:00,1.24018,1.24025,1.24138,1.23953
2018-04-17 08:00:00,1.24026,1.23860,1.24030,1.23849
2018-04-17 09:00:00,1.23858,1.23724,1.23873,1.23651
2018-04-17 10:00:00,1.23723,1.23717,1.23740,1.23622
2018-04-17 11:00:00,1.23718,1.23675,1.23805,1.23669
2018-04-17 12:00:00,1.23675,1.23480,1.23679,1.23455
2018-04-17 13:00:00,1.23478,1.23516,1.23615,1.23461
2018-04-17 14:00:00,1.23515,1.23461,1.23548,1.23365
2018-04-17 15:00:00,1.23463,1.23448,1.23494,1.23365
2018-04-17 16:00:00,1.23450,1.23555,1.23572,1.23381
2018-04-17 17:00:00,1.23555,1.23635,1.23681,1.23542
2018-04-17 18:00:00,1.23635,1.23681,1.23719,1.23610
2018-04-17 19:00:00,1.23681,1.23724,1.23729,1.23649
2018-04-17 20:00:00,1.23724,1.23698,1.23764,1.23690
2018-04-17 21:00:00,1.23701,1.23747,1.23752,1.23687
2018-04-17 22:00:00,1.23747,1.23722,1.23753,1.23709
2018-04-17 23:00:00,1.23723,1.23727,1.23741,1.23699
2018-04-18 00:00:00,1.23728,1.23704,1.23744,1.23701
2018-04-18 01:00:00,1.23703,1.23716,1.23742,1.23652
2018-04-18 02:00:00,1.23717,1.23802,1.23809,1.23717
2018-04-18 03:00:00,1.23803,1.23819,1.23825,1.23723
2018-04-18 04:00:00,1.23819,1.23775,1.23820,1.23766
2018-04-18 05:00:00,1.23773,1.23771,1.23783,1.23704
2018-04-18 06:00:00,1.23769,1.23632,1.23810,1.23613
2018-04-18 07:00:00,1.23634,1.23642,1.23680,1.23489
2018-04-18 08:00:00,1.23643,1.23602,1.23724,1.23580
2018-04-18 09:00:00,1.23596,1.23639,1.23751,1.23420
2018-04-18 10:00:00,1.23640,1.23729,1.23730,1.23601
2018-04-18 11:00:00,1.23729,1.23832,1.23929,1.23716
2018-04-18 12:00:00,1.23832,1.23918,1.23951,1.23816
2018-04-18 13:00:00,1.23917,1.23850,1.23972,1.23806
2018-04-18 14:00:00,1.23852,1.23770,1.23974,1.23748
2018-04-18 15:00:00,1.23765,1.23800,1.23835,1.23712
2018-04-18 16:00:00,1.23801,1.23903,1.23930,1.23724
2018-04-18 17:00:00,1.23904,1.23826,1.23931,1.23789
2018-04-18 18:00:00,1.23828,1.23776,1.23874,1.23751
2018-04-18 19:00:00,1.23776,1.23750,1.23789,1.23725
2018-04-18 20:00:00,1.23752,1.23740,1.23811,1.23739
2018-04-18 21:00:00,1.23739,1.23791,1.23808,1.23736
2018-04-18 22:00:00,1.23790,1.23796,1.23833,1.23785
2018-04-18 23:00:00,1.23796,1.23790,1.23840,1.23789
2018-04-19 00:00:00,1.23790,1.23725,1.23793,1.23707
2018-04-19 01:00:00,1.23726,1.23681,1.23752,1.23647
2018-04-19 02:00:00,1.23681,1.23779,1.23789,1.23674
2018-04-19 03:00:00,1.23780,1.23788,1.23858,1.23774
2018-04-19 04:00:00,1.23788,1.23783,1.23840,1.23770
2018-04-19 05:00:00,1.23782,1.23748,1.23841,1.23741
2018-04-19 06:00:00,1.23748,1.23808,1.23821,1.23677
2018-04-19 07:00:00,1.23807,1.23884,1.24002,1.23806
2018-04-19 08:00:00,1.23883,1.23664,1.23890,1.23602
2018-04-19 09:00:00,1.23663,1.23700,1.23700,1.23551
2018-04-19 10:00:00,1.23702,1.23669,1.23735,1.23560
2018-04-19 11:00:00,1.23670,1.23811,1.23811,1.23634
2018-04-19 12:00:00,1.23812,1.23794,1.23856,1.23722
2018-04-19 13:00:00,1.23794,1.23701,1.23848,1.23699
2018-04-19 14:00:00,1.23700,1.23645,1.23824,1.23641
2018-04-19 15:00:00,1.23644,1.23367,1.23658,1.23292
2018-04-19 16:00:00,1.23364,1.23451,1.23482,1.23330
2018-04-19 17:00:00,1.23451,1.23461,1.23586,1.23359
2018-04-19 18:00:00,1.23461,1.23380,1.23506,1.23371
2018-04-19 19:00:00,1.23381,1.23488,1.23526,1.23370
2018-04-19 20:00:00,1.23489,1.23459,1.23525,1.23438
2018-04-19 21:00:00,1.23463,1.23466,1.23498,1.23449
2018-04-19 22:00:00,1.23466,1.23431,1.23467,1.23430
2018-04-19 23:00:00,1.23432,1.23436,1.23472,1.23432
2018-04-20 00:00:00,1.23436,1.23475,1.23489,1.23394
2018-04-20 01:00:00,1.23472,1.23430,1.23485,1.23368
2018-04-20 02:00:00,1.23429,1.23381,1.23471,1.23370
2018-04-20 03:00:00,1.23380,1.23415,1.23423,1.23365
2018-04-20 04:00:00,1.23416,1.23412,1.23428,1.23395
2018-04-20 05:00:00,1.23412,1.23421,1.23459,1.23385
2018-04-20 06:00:00,1.23418,1.23425,1.23501,1.23337
2018-04-20 07:00:00,1.23426,1.23252,1.23531,1.23248
2018-04-20 08:00:00,1.23251,1.23150,1.23339,1.23125
2018-04-20 09:00:00,1.23148,1.23017,1.23160,1.22951
2018-04-20 10:00:00,1.23016,1.23028,1.23032,1.22933
2018-04-20 11:00:00,1.23028,1.23044,1.23114,1.22957
2018-04-20 12:00:00,1.23045,1.22908,1.23120,1.22901
2018-04-20 13:00:00,1.22909,1.22667,1.22961,1.22663
2018-04-20 14:00:00,1.22669,1.22791,1.22797,1.22502
2018-04-20 15:00:00,1.22792,1.22819,1.22885,1.22708
2018-04-20 16:00:00,1.22820,1.22970,1.23003,1.22804
2018-04-20 17:00:00,1.22967,1.22869,1.22970,1.22867
2018-04-20 18:00:00,1.22869,1.22827,1.22901,1.22821
2018-04-20 19:00:00,1.22828,1.22816,1.22849,1.22803
2018-04-20 20:00:00,1.22815,1.22903,1.22931,1.22802
2018-04-22 21:00:00,1.22772,1.22834,1.22867,1.22772
2018-04-22 22:00:00,1.22834,1.22801,1.22890,1.22785
2018-04-22 23:00:00,1.22802,1.22742,1.22829,1.22731
2018-04-23 00:00:00,1.22742,1.22710,1.22794,1.22687
2018-04-23 01:00:00,1.22709,1.22788,1.22798,1.22651
2018-04-23 02:00:00,1.22787,1.22756,1.22787,1.22739
2018-04-23 03:00:00,1.22756,1.22720,1.22758,1.22714
2018-04-23 04:00:00,1.22720,1.22719,1.22731,1.22700
2018-04-23 05:00:00,1.22719,1.22711,1.22753,1.22659
2018-04-23 06:00:00,1.22711,1.22740,1.22808,1.22686
2018-04-23 07:00:00,1.22742,1.22649,1.22897,1.22632
2018-04-23 08:00:00,1.22650,1.22387,1.22689,1.22379
2018-04-23 09:00:00,1.22386,1.22324,1.22408,1.22264
2018-04-23 10:00:00,1.22325,1.22291,1.22363,1.22259
2018-04-23 11:00:00,1.22291,1.22365,1.22370,1.22253
2018-04-23 12:00:00,1.22366,1.22407,1.22446,1.22328
2018-04-23 13:00:00,1.22408,1.22229,1.22457,1.22190
2018-04-23 14:00:00,1.22228,1.22209,1.22369,1.22153
2018-04-23 15:00:00,1.22210,1.22152,1.22259,1.22108
2018-04-23 16:00:00,1.22153,1.22184,1.22232,1.22120
2018-04-23 17:00:00,1.22183,1.22034,1.22183,1.22027
2018-04-23 18:00:00,1.22034,1.22034,1.22165,1.22030
2018-04-23 19:00:00,1.22034,1.22080,1.22101,1.21979
2018-04-23 20:00:00,1.22081,1.22092,1.22094,1.22052
2018-04-23 21:00:00,1.22092,1.22089,1.22099,1.22063
2018-04-23 22:00:00,1.22089,1.22103,1.22114,1.22073
2018-04-23 23:00:00,1.22102,1.22097,1.22113,1.22081
2018-04-24 00:00:00,1.22098,1.22069,1.22118,1.22020
2018-04-24 01:00:00,1.22070,1.22049,1.22088,1.21849
2018-04-24 02:00:00,1.22050,1.22084,1.22122,1.22025
2018-04-24 03:00:00,1.22084,1.22134,1.22149,1.22073
2018-04-24 04:00:00,1.22132,1.22135,1.22136,1.22084
2018-04-24 05:00:00,1.22135,1.22166,1.22198,1.22132
2018-04-24 06:00:00,1.22166,1.22024,1.22240,1.22022
2018-04-24 07:00:00,1.22023,1.21966,1.22115,1.21893
2018-04-24 08:00:00,1.21966,1.22033,1.22039,1.21821
2018-04-24 09:00:00,1.22034,1.22083,1.22101,1.21972
2018-04-24 10:00:00,1.22083,1.22111,1.22229,1.22083
2018-04-24 11:00:00,1.22110,1.22218,1.22232,1.22087
2018-04-24 12:00:00,1.22213,1.22070,1.22220,1.21967
2018-04-24 13:00:00,1.22070,1.22328,1.22348,1.22015
2018-04-24 14:00:00,1.22325,1.22149,1.22350,1.22135
2018-04-24 15:00:00,1.22150,1.22280,1.22293,1.22096
2018-04-24 16:00:00,1.22281,1.22408,1.22437,1.22227
2018-04-24 17:00:00,1.22408,1.22425,1.22433,1.22322
2018-04-24 18:00:00,1.22425,1.22373,1.22450,1.22351
2018-04-24 19:00:00,1.22373,1.22331,1.22413,1.22323
2018-04-24 20:00:00,1.22332,1.22329,1.22358,1.22317
2018-04-24 21:00:00,1.22328,1.22342,1.22356,1.22321
2018-04-24 22:00:00,1.22341,1.22333,1.22342,1.22315
2018-04-24 23:00:00,1.22333,1.22377,1.22391,1.22327
2018-04-25 00:00:00,1.22377,1.22297,1.22377,1.22248
2018-04-25 01:00:00,1.22298,1.22219,1.22309,1.22208
2018-04-25 02:00:00,1.22219,1.22260,1.22286,1.22215
2018-04-25 03:00:00,1.22260,1.22237,1.22310,1.22231
2018-04-25 04:00:00,1.22238,1.22174,1.22238,1.22156
2018-04-25 05:00:00,1.22174,1.22144,1.22186,1.22105
2018-04-25 06:00:00,1.22144,1.22138,1.22179,1.22054
2018-04-25 07:00:00,1.22136,1.21882,1.22141,1.21882
2018-04-25 08:00:00,1.21882,1.22029,1.22039,1.21870
2018-04-25 09:00:00,1.22028,1.22060,1.22157,1.22005
2018-04-25 10:00:00,1.22059,1.22024,1.22121,1.21985
2018-04-25 11:00:00,1.22024,1.21776,1.22051,1.21751
2018-04-25 12:00:00,1.21775,1.21837,1.21898,1.21706
2018-04-25 13:00:00,1.21838,1.21883,1.22001,1.21810
2018-04-25 14:00:00,1.21882,1.21722,1.21920,1.21682
2018-04-25 15:00:00,1.21724,1.21767,1.21897,1.21719
2018-04-25 16:00:00,1.21768,1.21852,1.21875,1.21706
2018-04-25 17:00:00,1.21853,1.21767,1.21888,1.21761
2018-04-25 18:00:00,1.21767,1.21758,1.21805,1.21727
2018-04-25 19:00:00,1.21754,1.21710,1.21784,1.21709
2018-04-25 20:00:00,1.21710,1.21611,1.21734,1.21604
2018-04-25 21:00:00,1.21615,1.21627,1.21674,1.21604
2018-04-25 22:00:00,1.21627,1.21691,1.21695,1.21603
2018-04-25 23:00:00,1.21691,1.21708,1.21719,1.21679
2018-04-26 00:00:00,1.21709,1.21727,1.21778,1.21635
2018-04-26 01:00:00,1.21728,1.21752,1.21787,1.21683
2018-04-26 02:00:00,1.21754,1.21717,1.21776,1.21713
2018-04-26 03:00:00,1.21717,1.21778,1.21819,1.21713
2018-04-26 04:00:00,1.21778,1.21758,1.21806,1.21746
2018-04-26 05:00:00,1.21758,1.21784,1.21814,1.21738
2018-04-26 06:00:00,1.21783,1.21791,1.21886,1.21731
2018-04-26 07:00:00,1.21791,1.21655,1.21877,1.21591
2018-04-26 08:00:00,1.21656,1.21716,1.21800,1.21565
2018-04-26 09:00:00,1.21715,1.21782,1.21868,1.21690
2018-04-26 10:00:00,1.21783,1.21835,1.21880,1.21719
2018-04-26 11:00:00,1.21834,1.21575,1.21880,1.21539
2018-04-26 12:00:00,1.21571,1.21999,1.22103,1.21455
2018-04-26 13:00:00,1.22000,1.21734,1.22044,1.21715
2018-04-26 14:00:00,1.21734,1.21152,1.21740,1.21069
2018-04-26 15:00:00,1.21149,1.21134,1.21206,1.20985
2018-04-26 16:00:00,1.21135,1.21262,1.21290,1.21092
2018-04-26 17:00:00,1.21260,1.21142,1.21301,1.21107
2018-04-26 18:00:00,1.21143,1.21058,1.21158,1.21002
2018-04-26 19:00:00,1.21054,1.21048,1.21069,1.20965
2018-04-26 20:00:00,1.21045,1.21037,1.21076,1.21024
2018-04-26 21:00:00,1.21042,1.21055,1.21105,1.21042
2018-04-26 22:00:00,1.21053,1.21049,1.21099,1.21041
2018-04-26 23:00:00,1.21049,1.21085,1.21095,1.21043
2018-04-27 00:00:00,1.21085,1.21079,1.21097,1.21016
2018-04-27 01:00:00,1.21079,1.21094,1.21101,1.20969
2018-04-27 02:00:00,1.21092,1.21120,1.21136,1.21041
2018-04-27 03:00:00,1.21121,1.21154,1.21167,1.21090
2018-04-27 04:00:00,1.21154,1.21120,1.21154,1.21103
2018-04-27 05:00:00,1.21120,1.21067,1.21124,1.21048
2018-04-27 06:00:00,1.21068,1.20883,1.21110,1.20844
2018-04-27 07:00:00,1.20884,1.20760,1.20901,1.20651
2018-04-27 08:00:00,1.20762,1.20719,1.20850,1.20649
2018-04-27 09:00:00,1.20718,1.20826,1.20874,1.20718
2018-04-27 10:00:00,1.20826,1.20879,1.20953,1.20717
2018-04-27 11:00:00,1.20878,1.20663,1.20891,1.20655
2018-04-27 12:00:00,1.20663,1.20846,1.20883,1.20557
2018-04-27 13:00:00,1.20847,1.20830,1.20948,1.20779
2018-04-27 14:00:00,1.20837,1.21012,1.21180,1.20737
2018-04-27 15:00:00,1.21009,1.21080,1.21130,1.20966
2018-04-27 16:00:00,1.21080,1.21118,1.21157,1.21021
2018-04-27 17:00:00,1.21118,1.21055,1.21121,1.21006
2018-04-27 18:00:00,1.21055,1.21222,1.21233,1.21038
2018-04-27 19:00:00,1.21221,1.21309,1.21330,1.21203
2018-04-27 20:00:00,1.21308,1.21332,1.21334,1.21265
2018-04-29 21:00:00,1.21250,1.21287,1.21300,1.21250
2018-04-29 22:00:00,1.21286,1.21216,1.21289,1.21206
2018-04-29 23:00:00,1.21217,1.21229,1.21230,1.21191
2018-04-30 00:00:00,1.21230,1.21288,1.21321,1.21221
2018-04-30 01:00:00,1.21288,1.21340,1.21344,1.21215
2018-04-30 02:00:00,1.21340,1.21278,1.21342,1.21251
2018-04-30 03:00:00,1.21277,1.21251,1.21309,1.21245
2018-04-30 04:00:00,1.21252,1.21293,1.21298,1.21243
2018-04-30 05:00:00,1.21295,1.21366,1.21383,1.21271
2018-04-30 06:00:00,1.21367,1.21355,1.21389,1.21242
2018-04-30 07:00:00,1.21358,1.21189,1.21377,1.21088
2018-04-30 08:00:00,1.21189,1.21043,1.21233,1.21022
2018-04-30 09:00:00,1.21044,1.21188,1.21215,1.20984
2018-04-30 10:00:00,1.21185,1.20962,1.21185,1.20893
2018-04-30 11:00:00,1.20963,1.20778,1.20963,1.20733
2018-04-30 12:00:00,1.20772,1.20876,1.20899,1.20726
2018-04-30 13:00:00,1.20874,1.20718,1.20903,1.20675
2018-04-30 14:00:00,1.20717,1.20818,1.20884,1.20686
2018-04-30 15:00:00,1.20817,1.20739,1.20873,1.20644
2018-04-30 16:00:00,1.20739,1.21009,1.21064,1.20718
2018-04-30 17:00:00,1.21002,1.20863,1.21018,1.20827
2018-04-30 18:00:00,1.20864,1.20810,1.20954,1.20800
2018-04-30 19:00:00,1.20804,1.20765,1.20841,1.20727
2018-04-30 20:00:00,1.20769,1.20781,1.20822,1.20756
2018-04-30 21:00:00,1.20783,1.20805,1.20827,1.20731
2018-04-30 22:00:00,1.20805,1.20809,1.20812,1.20762
2018-04-30 23:00:00,1.20809,1.20819,1.20845,1.20775
2018-05-01 00:00:00,1.20821,1.20797,1.20833,1.20770
2018-05-01 01:00:00,1.20797,1.20752,1.20808,1.20726
2018-05-01 02:00:00,1.20751,1.20762,1.20778,1.20738
2018-05-01 03:00:00,1.20762,1.20763,1.20784,1.20752
2018-05-01 04:00:00,1.20762,1.20726,1.20774,1.20709
2018-05-01 05:00:00,1.20727,1.20693,1.20727,1.20665
2018-05-01 06:00:00,1.20693,1.20611,1.20715,1.20567
2018-05-01 07:00:00,1.20609,1.20578,1.20660,1.20553
2018-05-01 08:00:00,1.20580,1.20344,1.20616,1.20330
2018-05-01 09:00:00,1.20345,1.20339,1.20416,1.20279
2018-05-01 10:00:00,1.20339,1.20308,1.20365,1.20261
2018-05-01 11:00:00,1.20305,1.20255,1.20337,1.20222
2018-05-01 12:00:00,1.20258,1.20249,1.20380,1.20172
2018-05-01 13:00:00,1.20246,1.20060,1.20317,1.20054
2018-05-01 14:00:00,1.20108,1.19921,1.20207,1.19816
2018-05-01 15:00:00,1.19921,1.19999,1.20040,1.19857
2018-05-01 16:00:00,1.19998,1.20167,1.20201,1.19984
2018-05-01 17:00:00,1.20162,1.19993,1.20175,1.19953
2018-05-01 18:00:00,1.19994,1.19937,1.20055,1.19937
2018-05-01 19:00:00,1.19936,1.19936,1.19970,1.19885
2018-05-01 20:00:00,1.19936,1.19932,1.19950,1.19910
2018-05-01 21:00:00,1.19935,1.19935,1.19942,1.19911
2018-05-01 22:00:00,1.19933,1.19897,1.19956,1.19892
2018-05-01 23:00:00,1.19897,1.19914,1.19921,1.19880
2018-05-02 00:00:00,1.19913,1.19910,1.19998,1.19879
2018-05-02 01:00:00,1.19909,1.20063,1.20073,1.19895
2018-05-02 02:00:00,1.20064,1.20067,1.20109,1.20032
2018-05-02 03:00:00,1.20068,1.20054,1.20115,1.20046
2018-05-02 04:00:00,1.20054,1.20035,1.20070,1.20023
2018-05-02 05:00:00,1.20034,1.19971,1.20051,1.19921
2018-05-02 06:00:00,1.19970,1.20116,1.20139,1.19901
2018-05-02 07:00:00,1.20117,1.20167,1.20320,1.20055
2018-05-02 08:00:00,1.20167,1.20002,1.20237,1.19933
2018-05-02 09:00:00,1.20000,1.20016,1.20102,1.19936
2018-05-02 10:00:00,1.20018,1.20027,1.20059,1.19957
2018-05-02 11:00:00,1.20026,1.20025,1.20057,1.19954
2018-05-02 12:00:00,1.20026,1.20118,1.20129,1.19968
2018-05-02 13:00:00,1.20116,1.19739,1.20125,1.19640
2018-05-02 14:00:00,1.19737,1.19570,1.19777,1.19535
2018-05-02 15:00:00,1.19568,1.19676,1.19753,1.19543
2018-05-02 16:00:00,1.19677,1.19676,1.19718,1.19551
2018-05-02 17:00:00,1.19677,1.19608,1.19690,1.19570
2018-05-02 18:00:00,1.19609,1.19880,1.20258,1.19558
2018-05-02 19:00:00,1.19883,1.19402,1.19901,1.19384
2018-05-02 20:00:00,1.19398,1.19513,1.19526,1.19382
2018-05-02 21:00:00,1.19514,1.19564,1.19572,1.19509
2018-05-02 22:00:00,1.19565,1.19545,1.19601,1.19542
2018-05-02 23:00:00,1.19547,1.19510,1.19571,1.19479
2018-05-03 00:00:00,1.19509,1.19673,1.19673,1.19481
2018-05-03 01:00:00,1.19674,1.19779,1.19835,1.19643
2018-05-03 02:00:00,1.19779,1.19786,1.19800,1.19724
2018-05-03 03:00:00,1.19783,1.19805,1.19876,1.19775
2018-05-03 04:00:00,1.19805,1.19886,1.19891,1.19794
2018-05-03 05:00:00,1.19884,1.19835,1.19897,1.19820
2018-05-03 06:00:00,1.19835,1.19830,1.19938,1.19759
2018-05-03 07:00:00,1.19830,1.20017,1.20091,1.19665
2018-05-03 08:00:00,1.20015,1.19863,1.20081,1.19854
2018-05-03 09:00:00,1.19859,1.19911,1.20035,1.19654
2018-05-03 10:00:00,1.19912,1.19823,1.19985,1.19803
2018-05-03 11:00:00,1.19822,1.19904,1.19906,1.19678
2018-05-03 12:00:00,1.19922,1.19796,1.20013,1.19754
2018-05-03 13:00:00,1.19797,1.19722,1.19808,1.19695
2018-05-03 14:00:00,1.19728,1.19510,1.19842,1.19504
2018-05-03 15:00:00,1.19509,1.19709,1.19714,1.19496
2018-05-03 16:00:00,1.19708,1.19883,1.19904,1.19678
2018-05-03 17:00:00,1.19886,1.19838,1.19909,1.19714
2018-05-03 18:00:00,1.19845,1.19929,1.20045,1.19819
2018-05-03 19:00:00,1.19930,1.19847,1.19965,1.19845
2018-05-03 20:00:00,1.19844,1.19889,1.19911,1.19824
2018-05-03 21:00:00,1.19889,1.19876,1.19943,1.19871
2018-05-03 22:00:00,1.19875,1.19865,1.19887,1.19861
2018-05-03 23:00:00,1.19866,1.19892,1.19913,1.19846
2018-05-04 00:00:00,1.19892,1.19843,1.19900,1.19804
2018-05-04 01:00:00,1.19845,1.19929,1.19948,1.19823
2018-05-04 02:00:00,1.19929,1.19896,1.19941,1.19879
2018-05-04 03:00:00,1.19895,1.19929,1.19957,1.19885
2018-05-04 04:00:00,1.19929,1.19862,1.19940,1.19860
2018-05-04 05:00:00,1.19862,1.19835,1.19877,1.19830
2018-05-04 06:00:00,1.19835,1.19661,1.19835,1.19626
2018-05-04 07:00:00,1.19660,1.19643,1.19765,1.19588
2018-05-04 08:00:00,1.19644,1.19633,1.19775,1.19618
2018-05-04 09:00:00,1.19632,1.19600,1.19694,1.19564
2018-05-04 10:00:00,1.19601,1.19680,1.19682,1.19561
2018-05-04 11:00:00,1.19682,1.19679,1.19757,1.19613
2018-05-04 12:00:00,1.19677,1.19674,1.19950,1.19530
2018-05-04 13:00:00,1.19674,1.19290,1.19676,1.19109
2018-05-04 14:00:00,1.19290,1.19286,1.19537,1.19258
2018-05-04 15:00:00,1.19284,1.19456,1.19479,1.19227
2018-05-04 16:00:00,1.19454,1.19635,1.19662,1.19367
2018-05-04 17:00:00,1.19633,1.19595,1.19648,1.19528
2018-05-04 18:00:00,1.19594,1.19631,1.19641,1.19541
2018-05-04 19:00:00,1.19624,1.19573,1.19630,1.19535
2018-05-04 20:00:00,1.19572,1.19640,1.19666,1.19556
2018-05-06 21:00:00,1.19637,1.19585,1.19661,1.19564
2018-05-06 22:00:00,1.19585,1.19607,1.19641,1.19585
2018-05-06 23:00:00,1.19607,1.19548,1.19616,1.19548
2018-05-07 00:00:00,1.19547,1.19699,1.19700,1.19537
2018-05-07 01:00:00,1.19700,1.19678,1.19771,1.19664
2018-05-07 02:00:00,1.19678,1.19726,1.19756,1.19655
2018-05-07 03:00:00,1.19725,1.19671,1.19782,1.19671
2018-05-07 04:00:00,1.19673,1.19605,1.19674,1.19599
2018-05-07 05:00:00,1.19605,1.19525,1.19610,1.19420
2018-05-07 06:00:00,1.19525,1.19374,1.19525,1.19370
2018-05-07 07:00:00,1.19373,1.19302,1.19409,1.19222
2018-05-07 08:00:00,1.19303,1.19310,1.19365,1.19217
2018-05-07 09:00:00,1.19309,1.19280,1.19333,1.19238
2018-05-07 10:00:00,1.19279,1.19174,1.19307,1.19172
2018-05-07 11:00:00,1.19174,1.18995,1.19201,1.18985
2018-05-07 12:00:00,1.18996,1.19193,1.19199,1.18979
2018-05-07 13:00:00,1.19192,1.19103,1.19222,1.19052
2018-05-07 14:00:00,1.19102,1.19135,1.19286,1.19075
2018-05-07 15:00:00,1.19136,1.19267,1.19290,1.19119
2018-05-07 16:00:00,1.19268,1.19333,1.19381,1.19238
2018-05-07 17:00:00,1.19332,1.19264,1.19342,1.19220
2018-05-07 18:00:00,1.19264,1.19249,1.19288,1.19228
2018-05-07 19:00:00,1.19246,1.19246,1.19277,1.19197
2018-05-07 20:00:00,1.19247,1.19228,1.19268,1.19202
2018-05-07 21:00:00,1.19227,1.19225,1.19275,1.19208
2018-05-07 22:00:00,1.19225,1.19225,1.19254,1.19221
2018-05-07 23:00:00,1.19225,1.19333,1.19355,1.19219
2018-05-08 00:00:00,1.19334,1.19364,1.19390,1.19262
2018-05-08 01:00:00,1.19363,1.19202,1.19365,1.19125
2018-05-08 02:00:00,1.19202,1.19253,1.19263,1.19145
2018-05-08 03:00:00,1.19251,1.19155,1.19262,1.19135
2018-05-08 04:00:00,1.19155,1.19132,1.19157,1.19089
2018-05-08 05:00:00,1.19131,1.19225,1.19259,1.19099
2018-05-08 06:00:00,1.19225,1.19182,1.19331,1.19176
2018-05-08 07:00:00,1.19182,1.19173,1.19288,1.19051
2018-05-08 08:00:00,1.19172,1.18887,1.19172,1.18832
2018-05-08 09:00:00,1.18887,1.18795,1.18959,1.18744
2018-05-08 10:00:00,1.18795,1.18792,1.18834,1.18703
2018-05-08 11:00:00,1.18790,1.18722,1.18790,1.18619
2018-05-08 12:00:00,1.18723,1.18653,1.18746,1.18633
2018-05-08 13:00:00,1.18652,1.18473,1.18666,1.18382
2018-05-08 14:00:00,1.18474,1.18533,1.18597,1.18407
2018-05-08 15:00:00,1.18533,1.18627,1.18685,1.18445
2018-05-08 16:00:00,1.18629,1.18799,1.18864,1.18628
2018-05-08 17:00:00,1.18800,1.18652,1.18836,1.18649
2018-05-08 18:00:00,1.18651,1.18573,1.18839,1.18562
2018-05-08 19:00:00,1.18575,1.18626,1.18639,1.18571
2018-05-08 20:00:00,1.18633,1.18652,1.18685,1.18614
2018-05-08 21:00:00,1.18652,1.18626,1.18741,1.18599
2018-05-08 22:00:00,1.18625,1.18600,1.18653,1.18599
2018-05-08 23:00:00,1.18599,1.18675,1.18685,1.18599
